{"resourceType":"StructureDefinition","id":"infection-present-at-time-of-surgery","text":{"status":"generated","div":"<div xmlns=\"http://www.w3.org/1999/xhtml\"><table border=\"0\" cellpadding=\"0\" cellspacing=\"0\" style=\"border: 0px #F0F0F0 solid; font-size: 11px; font-family: verdana; vertical-align: top;\"><tr style=\"border: 1px #F0F0F0 solid; font-size: 11px; font-family: verdana; vertical-align: top;\"><th style=\"vertical-align: top; text-align : left; background-color: white; border: 0px #F0F0F0 solid; padding:0px 4px 0px 4px\" class=\"hierarchy\"><a href=\"http://hl7-fhir.github.io/formats.html#table\" title=\"The logical name of the element\">Name</a></th><th style=\"vertical-align: top; text-align : left; background-color: white; border: 0px #F0F0F0 solid; padding:0px 4px 0px 4px\" class=\"hierarchy\"><a href=\"http://hl7-fhir.github.io/formats.html#table\" title=\"Information about the use of the element\">Flags</a></th><th style=\"vertical-align: top; text-align : left; background-color: white; border: 0px #F0F0F0 solid; padding:0px 4px 0px 4px\" class=\"hierarchy\"><a href=\"http://hl7-fhir.github.io/formats.html#table\" title=\"Minimum and Maximum # of times the the element can appear in the instance\">Card.</a></th><th style=\"width: 100px\" class=\"hierarchy\"><a href=\"http://hl7-fhir.github.io/formats.html#table\" title=\"Reference to the type of the element\">Type</a></th><th style=\"vertical-align: top; text-align : left; background-color: white; border: 0px #F0F0F0 solid; padding:0px 4px 0px 4px\" class=\"hierarchy\"><a href=\"http://hl7-fhir.github.io/formats.html#table\" title=\"Additional information about the element\">Description &amp; Constraints</a><span style=\"float: right\"><a href=\"http://hl7-fhir.github.io/formats.html#table\" title=\"Legend for this format\"><img src=\"http://hl7-fhir.github.io/help16.png\" alt=\"doco\" style=\"background-color: inherit\"/></a></span></th></tr><tr style=\"border: 0px #F0F0F0 solid; padding:0px; vertical-align: top; background-color: white;\"><td style=\"vertical-align: top; text-align : left; background-color: white; border: 0px #F0F0F0 solid; padding:0px 4px 0px 4px; white-space: nowrap; background-image: url(tbl_bck1.png)\" class=\"hierarchy\"><img src=\"tbl_spacer.png\" alt=\".\" style=\"background-color: inherit\" class=\"hierarchy\"/><img src=\"icon_element.gif\" alt=\".\" style=\"background-color: white; background-color: inherit\" title=\"Element\" class=\"hierarchy\"/> <span title=\"null\">Extension</span><a name=\"Extension\"> </a></td><td style=\"vertical-align: top; text-align : left; background-color: white; border: 0px #F0F0F0 solid; padding:0px 4px 0px 4px\" class=\"hierarchy\"/><td style=\"vertical-align: top; text-align : left; background-color: white; border: 0px #F0F0F0 solid; padding:0px 4px 0px 4px\" class=\"hierarchy\"><span style=\"opacity: 0.4\">0</span><span style=\"opacity: 0.5\">..</span><span style=\"opacity: 0.4\">*</span></td><td style=\"vertical-align: top; text-align : left; background-color: white; border: 0px #F0F0F0 solid; padding:0px 4px 0px 4px\" class=\"hierarchy\"/><td style=\"vertical-align: top; text-align : left; background-color: white; border: 0px #F0F0F0 solid; padding:0px 4px 0px 4px\" class=\"hierarchy\"/></tr>\r\n<tr style=\"border: 0px #F0F0F0 solid; padding:0px; vertical-align: top; background-color: white;\"><td style=\"vertical-align: top; text-align : left; background-color: white; border: 0px #F0F0F0 solid; padding:0px 4px 0px 4px; white-space: nowrap; background-image: url(tbl_bck10.png)\" class=\"hierarchy\"><img src=\"tbl_spacer.png\" alt=\".\" style=\"background-color: inherit\" class=\"hierarchy\"/><img src=\"tbl_vjoin.png\" alt=\".\" style=\"background-color: inherit\" class=\"hierarchy\"/><img src=\"icon_element.gif\" alt=\".\" style=\"background-color: white; background-color: inherit\" title=\"Element\" class=\"hierarchy\"/> <span title=\"SHALL contain exactly one [1..1] @url=&quot;http://hl7.org/fhir/us/hai/StructureDefinition/infection-present-at-time-of-surgery&quot; (CONF:3347-170).\">url</span><a name=\"Extension.url\"> </a></td><td style=\"vertical-align: top; text-align : left; background-color: white; border: 0px #F0F0F0 solid; padding:0px 4px 0px 4px\" class=\"hierarchy\"/><td style=\"vertical-align: top; text-align : left; background-color: white; border: 0px #F0F0F0 solid; padding:0px 4px 0px 4px\" class=\"hierarchy\"><span style=\"opacity: 0.4\">1</span><span style=\"opacity: 0.5\">..</span><span style=\"opacity: 0.4\">1</span></td><td style=\"vertical-align: top; text-align : left; background-color: white; border: 0px #F0F0F0 solid; padding:0px 4px 0px 4px\" class=\"hierarchy\"><a style=\"opacity: 0.4\" href=\"http://hl7-fhir.github.io/datatypes.html#uri\">uri</a></td><td style=\"vertical-align: top; text-align : left; background-color: white; border: 0px #F0F0F0 solid; padding:0px 4px 0px 4px\" class=\"hierarchy\">@url</td></tr>\r\n<tr style=\"border: 0px #F0F0F0 solid; padding:0px; vertical-align: top; background-color: white;\"><td style=\"vertical-align: top; text-align : left; background-color: white; border: 0px #F0F0F0 solid; padding:0px 4px 0px 4px; white-space: nowrap; background-image: url(tbl_bck10.png)\" class=\"hierarchy\"><img src=\"tbl_spacer.png\" alt=\".\" style=\"background-color: inherit\" class=\"hierarchy\"/><img src=\"tbl_vjoin.png\" alt=\".\" style=\"background-color: inherit\" class=\"hierarchy\"/><img src=\"icon_slice.png\" alt=\".\" style=\"background-color: white; background-color: inherit\" title=\"Slice Definition\" class=\"hierarchy\"/> <span style=\"font-style: italic\" title=\"MAY contain zero or one [0..1] value[x], where value[x] is (CONF:3347-169)\">value[x]</span><a name=\"Extension.value_x_\"> </a></td><td style=\"vertical-align: top; text-align : left; background-color: white; border: 0px #F0F0F0 solid; padding:0px 4px 0px 4px\" class=\"hierarchy\"/><td style=\"vertical-align: top; text-align : left; background-color: white; border: 0px #F0F0F0 solid; padding:0px 4px 0px 4px\" class=\"hierarchy\"/><td style=\"vertical-align: top; text-align : left; background-color: white; border: 0px #F0F0F0 solid; padding:0px 4px 0px 4px\" class=\"hierarchy\"><a style=\"opacity: 0.4; font-style: italic\" href=\"http://hl7-fhir.github.io/datatypes.html#base64Binary\">base64Binary</a><span style=\"opacity: 0.4; font-style: italic\">, </span><a style=\"opacity: 0.4; font-style: italic\" href=\"http://hl7-fhir.github.io/datatypes.html#boolean\">boolean</a><span style=\"opacity: 0.4; font-style: italic\">, </span><a style=\"opacity: 0.4; font-style: italic\" href=\"http://hl7-fhir.github.io/datatypes.html#code\">code</a><span style=\"opacity: 0.4; font-style: italic\">, </span><a style=\"opacity: 0.4; font-style: italic\" href=\"http://hl7-fhir.github.io/datatypes.html#date\">date</a><span style=\"opacity: 0.4; font-style: italic\">, </span><a style=\"opacity: 0.4; font-style: italic\" href=\"http://hl7-fhir.github.io/datatypes.html#dateTime\">dateTime</a><span style=\"opacity: 0.4; font-style: italic\">, </span><a style=\"opacity: 0.4; font-style: italic\" href=\"http://hl7-fhir.github.io/datatypes.html#decimal\">decimal</a><span style=\"opacity: 0.4; font-style: italic\">, </span><a style=\"opacity: 0.4; font-style: italic\" href=\"http://hl7-fhir.github.io/datatypes.html#id\">id</a><span style=\"opacity: 0.4; font-style: italic\">, </span><a style=\"opacity: 0.4; font-style: italic\" href=\"http://hl7-fhir.github.io/datatypes.html#instant\">instant</a><span style=\"opacity: 0.4; font-style: italic\">, </span><a style=\"opacity: 0.4; font-style: italic\" href=\"http://hl7-fhir.github.io/datatypes.html#integer\">integer</a><span style=\"opacity: 0.4; font-style: italic\">, </span><a style=\"opacity: 0.4; font-style: italic\" href=\"http://hl7-fhir.github.io/datatypes.html#markdown\">markdown</a><span style=\"opacity: 0.4; font-style: italic\">, </span><a style=\"opacity: 0.4; font-style: italic\" href=\"http://hl7-fhir.github.io/datatypes.html#oid\">oid</a><span style=\"opacity: 0.4; font-style: italic\">, </span><a style=\"opacity: 0.4; font-style: italic\" href=\"http://hl7-fhir.github.io/datatypes.html#positiveInt\">positiveInt</a><span style=\"opacity: 0.4; font-style: italic\">, </span><a style=\"opacity: 0.4; font-style: italic\" href=\"http://hl7-fhir.github.io/datatypes.html#string\">string</a><span style=\"opacity: 0.4; font-style: italic\">, </span><a style=\"opacity: 0.4; font-style: italic\" href=\"http://hl7-fhir.github.io/datatypes.html#time\">time</a><span style=\"opacity: 0.4; font-style: italic\">, </span><a style=\"opacity: 0.4; font-style: italic\" href=\"http://hl7-fhir.github.io/datatypes.html#unsignedInt\">unsignedInt</a><span style=\"opacity: 0.4; font-style: italic\">, </span><a style=\"opacity: 0.4; font-style: italic\" href=\"http://hl7-fhir.github.io/datatypes.html#uri\">uri</a><span style=\"opacity: 0.4; font-style: italic\">, </span><a style=\"opacity: 0.4; font-style: italic\" href=\"http://hl7-fhir.github.io/datatypes.html#Address\">Address</a><span style=\"opacity: 0.4; font-style: italic\">, </span><a style=\"opacity: 0.4; font-style: italic\" href=\"http://hl7-fhir.github.io/datatypes.html#Age\">Age</a><span style=\"opacity: 0.4; font-style: italic\">, </span><a style=\"opacity: 0.4; font-style: italic\" href=\"http://hl7-fhir.github.io/datatypes.html#Annotation\">Annotation</a><span style=\"opacity: 0.4; font-style: italic\">, </span><a style=\"opacity: 0.4; font-style: italic\" href=\"http://hl7-fhir.github.io/datatypes.html#Attachment\">Attachment</a><span style=\"opacity: 0.4; font-style: italic\">, </span><a style=\"opacity: 0.4; font-style: italic\" href=\"http://hl7-fhir.github.io/datatypes.html#CodeableConcept\">CodeableConcept</a><span style=\"opacity: 0.4; font-style: italic\">, </span><a style=\"opacity: 0.4; font-style: italic\" href=\"http://hl7-fhir.github.io/datatypes.html#Coding\">Coding</a><span style=\"opacity: 0.4; font-style: italic\">, </span><a style=\"opacity: 0.4; font-style: italic\" href=\"http://hl7-fhir.github.io/datatypes.html#ContactPoint\">ContactPoint</a><span style=\"opacity: 0.4; font-style: italic\">, </span><a style=\"opacity: 0.4; font-style: italic\" href=\"http://hl7-fhir.github.io/datatypes.html#Count\">Count</a><span style=\"opacity: 0.4; font-style: italic\">, </span><a style=\"opacity: 0.4; font-style: italic\" href=\"http://hl7-fhir.github.io/datatypes.html#Distance\">Distance</a><span style=\"opacity: 0.4; font-style: italic\">, </span><a style=\"opacity: 0.4; font-style: italic\" href=\"http://hl7-fhir.github.io/datatypes.html#Duration\">Duration</a><span style=\"opacity: 0.4; font-style: italic\">, </span><a style=\"opacity: 0.4; font-style: italic\" href=\"http://hl7-fhir.github.io/datatypes.html#HumanName\">HumanName</a><span style=\"opacity: 0.4; font-style: italic\">, </span><a style=\"opacity: 0.4; font-style: italic\" href=\"http://hl7-fhir.github.io/datatypes.html#Identifier\">Identifier</a><span style=\"opacity: 0.4; font-style: italic\">, </span><a style=\"opacity: 0.4; font-style: italic\" href=\"http://hl7-fhir.github.io/datatypes.html#Money\">Money</a><span style=\"opacity: 0.4; font-style: italic\">, </span><a style=\"opacity: 0.4; font-style: italic\" href=\"http://hl7-fhir.github.io/datatypes.html#Period\">Period</a><span style=\"opacity: 0.4; font-style: italic\">, </span><a style=\"opacity: 0.4; font-style: italic\" href=\"http://hl7-fhir.github.io/datatypes.html#Quantity\">Quantity</a><span style=\"opacity: 0.4; font-style: italic\">, </span><a style=\"opacity: 0.4; font-style: italic\" href=\"http://hl7-fhir.github.io/datatypes.html#Range\">Range</a><span style=\"opacity: 0.4; font-style: italic\">, </span><a style=\"opacity: 0.4; font-style: italic\" href=\"http://hl7-fhir.github.io/datatypes.html#Ratio\">Ratio</a><span style=\"opacity: 0.4; font-style: italic\">, </span><a style=\"font-style: italic\" href=\"http://hl7-fhir.github.io/references.html\">Reference</a><span style=\"font-style: italic\">(</span><span style=\"font-style: italic\">)</span><span style=\"opacity: 0.4; font-style: italic\">, </span><a style=\"opacity: 0.4; font-style: italic\" href=\"http://hl7-fhir.github.io/datatypes.html#SampledData\">SampledData</a><span style=\"opacity: 0.4; font-style: italic\">, </span><a style=\"opacity: 0.4; font-style: italic\" href=\"http://hl7-fhir.github.io/datatypes.html#Signature\">Signature</a><span style=\"opacity: 0.4; font-style: italic\">, </span><a style=\"opacity: 0.4; font-style: italic\" href=\"http://hl7-fhir.github.io/datatypes.html#Timing\">Timing</a><span style=\"opacity: 0.4; font-style: italic\">, </span><a style=\"opacity: 0.4; font-style: italic\" href=\"http://hl7-fhir.github.io/datatypes.html#Meta\">Meta</a></td><td style=\"vertical-align: top; text-align : left; background-color: white; border: 0px #F0F0F0 solid; padding:0px 4px 0px 4px\" class=\"hierarchy\"><span style=\"font-style: italic\">If the infection was present at the time of surgery, set valueBoolean=true. If the infection was not present at the time of surgery, set the valueBoolean=false.</span><br style=\"font-style: italic\"/><span style=\"font-weight:bold; font-style: italic\">Slice: </span><span style=\"font-style: italic\">Unordered, Open by value:@type</span></td></tr>\r\n<tr style=\"border: 0px #F0F0F0 solid; padding:0px; vertical-align: top; background-color: white;\"><td style=\"vertical-align: top; text-align : left; background-color: white; border: 0px #F0F0F0 solid; padding:0px 4px 0px 4px; white-space: nowrap; background-image: url(tbl_bck00.png)\" class=\"hierarchy\"><img src=\"tbl_spacer.png\" alt=\".\" style=\"background-color: inherit\" class=\"hierarchy\"/><img src=\"tbl_vjoin_end.png\" alt=\".\" style=\"background-color: inherit\" class=\"hierarchy\"/><img src=\"icon_element.gif\" alt=\".\" style=\"background-color: white; background-color: inherit\" title=\"Element\" class=\"hierarchy\"/> <span title=\"valueBoolean (CONF:3347-171)\">valueBoolean</span><a name=\"Extension.valueBoolean\"> </a></td><td style=\"vertical-align: top; text-align : left; background-color: white; border: 0px #F0F0F0 solid; padding:0px 4px 0px 4px\" class=\"hierarchy\"/><td style=\"vertical-align: top; text-align : left; background-color: white; border: 0px #F0F0F0 solid; padding:0px 4px 0px 4px\" class=\"hierarchy\"><span style=\"opacity: 0.4\">0</span><span style=\"opacity: 0.5\">..</span><span style=\"opacity: 0.4\">1</span></td><td style=\"vertical-align: top; text-align : left; background-color: white; border: 0px #F0F0F0 solid; padding:0px 4px 0px 4px\" class=\"hierarchy\"><a style=\"opacity: 0.4\" href=\"http://hl7-fhir.github.io/datatypes.html#base64Binary\">base64Binary</a><span style=\"opacity: 0.4\">, </span><a style=\"opacity: 0.4\" href=\"http://hl7-fhir.github.io/datatypes.html#boolean\">boolean</a><span style=\"opacity: 0.4\">, </span><a style=\"opacity: 0.4\" href=\"http://hl7-fhir.github.io/datatypes.html#code\">code</a><span style=\"opacity: 0.4\">, </span><a style=\"opacity: 0.4\" href=\"http://hl7-fhir.github.io/datatypes.html#date\">date</a><span style=\"opacity: 0.4\">, </span><a style=\"opacity: 0.4\" href=\"http://hl7-fhir.github.io/datatypes.html#dateTime\">dateTime</a><span style=\"opacity: 0.4\">, </span><a style=\"opacity: 0.4\" href=\"http://hl7-fhir.github.io/datatypes.html#decimal\">decimal</a><span style=\"opacity: 0.4\">, </span><a style=\"opacity: 0.4\" href=\"http://hl7-fhir.github.io/datatypes.html#id\">id</a><span style=\"opacity: 0.4\">, </span><a style=\"opacity: 0.4\" href=\"http://hl7-fhir.github.io/datatypes.html#instant\">instant</a><span style=\"opacity: 0.4\">, </span><a style=\"opacity: 0.4\" href=\"http://hl7-fhir.github.io/datatypes.html#integer\">integer</a><span style=\"opacity: 0.4\">, </span><a style=\"opacity: 0.4\" href=\"http://hl7-fhir.github.io/datatypes.html#markdown\">markdown</a><span style=\"opacity: 0.4\">, </span><a style=\"opacity: 0.4\" href=\"http://hl7-fhir.github.io/datatypes.html#oid\">oid</a><span style=\"opacity: 0.4\">, </span><a style=\"opacity: 0.4\" href=\"http://hl7-fhir.github.io/datatypes.html#positiveInt\">positiveInt</a><span style=\"opacity: 0.4\">, </span><a style=\"opacity: 0.4\" href=\"http://hl7-fhir.github.io/datatypes.html#string\">string</a><span style=\"opacity: 0.4\">, </span><a style=\"opacity: 0.4\" href=\"http://hl7-fhir.github.io/datatypes.html#time\">time</a><span style=\"opacity: 0.4\">, </span><a style=\"opacity: 0.4\" href=\"http://hl7-fhir.github.io/datatypes.html#unsignedInt\">unsignedInt</a><span style=\"opacity: 0.4\">, </span><a style=\"opacity: 0.4\" href=\"http://hl7-fhir.github.io/datatypes.html#uri\">uri</a><span style=\"opacity: 0.4\">, </span><a style=\"opacity: 0.4\" href=\"http://hl7-fhir.github.io/datatypes.html#Address\">Address</a><span style=\"opacity: 0.4\">, </span><a style=\"opacity: 0.4\" href=\"http://hl7-fhir.github.io/datatypes.html#Age\">Age</a><span style=\"opacity: 0.4\">, </span><a style=\"opacity: 0.4\" href=\"http://hl7-fhir.github.io/datatypes.html#Annotation\">Annotation</a><span style=\"opacity: 0.4\">, </span><a style=\"opacity: 0.4\" href=\"http://hl7-fhir.github.io/datatypes.html#Attachment\">Attachment</a><span style=\"opacity: 0.4\">, </span><a style=\"opacity: 0.4\" href=\"http://hl7-fhir.github.io/datatypes.html#CodeableConcept\">CodeableConcept</a><span style=\"opacity: 0.4\">, </span><a style=\"opacity: 0.4\" href=\"http://hl7-fhir.github.io/datatypes.html#Coding\">Coding</a><span style=\"opacity: 0.4\">, </span><a style=\"opacity: 0.4\" href=\"http://hl7-fhir.github.io/datatypes.html#ContactPoint\">ContactPoint</a><span style=\"opacity: 0.4\">, </span><a style=\"opacity: 0.4\" href=\"http://hl7-fhir.github.io/datatypes.html#Count\">Count</a><span style=\"opacity: 0.4\">, </span><a style=\"opacity: 0.4\" href=\"http://hl7-fhir.github.io/datatypes.html#Distance\">Distance</a><span style=\"opacity: 0.4\">, </span><a style=\"opacity: 0.4\" href=\"http://hl7-fhir.github.io/datatypes.html#Duration\">Duration</a><span style=\"opacity: 0.4\">, </span><a style=\"opacity: 0.4\" href=\"http://hl7-fhir.github.io/datatypes.html#HumanName\">HumanName</a><span style=\"opacity: 0.4\">, </span><a style=\"opacity: 0.4\" href=\"http://hl7-fhir.github.io/datatypes.html#Identifier\">Identifier</a><span style=\"opacity: 0.4\">, </span><a style=\"opacity: 0.4\" href=\"http://hl7-fhir.github.io/datatypes.html#Money\">Money</a><span style=\"opacity: 0.4\">, </span><a style=\"opacity: 0.4\" href=\"http://hl7-fhir.github.io/datatypes.html#Period\">Period</a><span style=\"opacity: 0.4\">, </span><a style=\"opacity: 0.4\" href=\"http://hl7-fhir.github.io/datatypes.html#Quantity\">Quantity</a><span style=\"opacity: 0.4\">, </span><a style=\"opacity: 0.4\" href=\"http://hl7-fhir.github.io/datatypes.html#Range\">Range</a><span style=\"opacity: 0.4\">, </span><a style=\"opacity: 0.4\" href=\"http://hl7-fhir.github.io/datatypes.html#Ratio\">Ratio</a><span style=\"opacity: 0.4\">, </span><a href=\"http://hl7-fhir.github.io/references.html\">Reference</a>()<span style=\"opacity: 0.4\">, </span><a style=\"opacity: 0.4\" href=\"http://hl7-fhir.github.io/datatypes.html#SampledData\">SampledData</a><span style=\"opacity: 0.4\">, </span><a style=\"opacity: 0.4\" href=\"http://hl7-fhir.github.io/datatypes.html#Signature\">Signature</a><span style=\"opacity: 0.4\">, </span><a style=\"opacity: 0.4\" href=\"http://hl7-fhir.github.io/datatypes.html#Timing\">Timing</a><span style=\"opacity: 0.4\">, </span><a style=\"opacity: 0.4\" href=\"http://hl7-fhir.github.io/datatypes.html#Meta\">Meta</a></td><td style=\"vertical-align: top; text-align : left; background-color: white; border: 0px #F0F0F0 solid; padding:0px 4px 0px 4px\" class=\"hierarchy\">valueBoolean</td></tr>\r\n<tr><td colspan=\"5\" class=\"hierarchy\"><br/><a href=\"http://hl7-fhir.github.io/formats.html#table\" title=\"Legend for this format\"><img src=\"http://hl7-fhir.github.io/help16.png\" alt=\"doco\" style=\"background-color: inherit\"/> Documentation for this format</a></td></tr></table></div>"},"url":"http://hl7.org/fhir/us/hai/StructureDefinition/infection-present-at-time-of-surgery","name":"infection-present-at-time-of-surgery","status":"draft","date":"2017-09-23T15:59:00+10:00","publisher":"Lantana Consulting Group","contact":[{"name":"Sarah Gaunt","telecom":[{"system":"phone","value":"+6 141-029-2506","use":"work"},{"system":"email","value":"sarah.gaunt@lantanagroup.com","use":"work"}]}],"description":"This extension records whether or not an infection was present at the time that a surgical procedure was performed.","fhirVersion":"3.1.0","mapping":[{"identity":"rim","uri":"http://hl7.org/v3","name":"RIM Mapping"}],"kind":"complex-type","abstract":false,"contextType":"resource","context":["Extension"],"type":"Extension","baseDefinition":"http://hl7.org/fhir/StructureDefinition/Extension","derivation":"constraint","snapshot":{"element":[{"id":"Extension","path":"Extension","short":"Extension","definition":"An Extension","min":0,"max":"*","base":{"path":"Extension","min":0,"max":"*"},"condition":["ele-1"],"constraint":[{"key":"ele-1","severity":"error","human":"All FHIR elements must have a @value or children","expression":"hasValue() | (children().count() > id.count())","xpath":"@value|f:*|h:div","source":"Element"},{"key":"ext-1","severity":"error","human":"Must have either extensions or value[x], not both","expression":"extension.exists() != value.exists()","xpath":"exists(f:extension)!=exists(f:*[starts-with(local-name(.), 'value')])","source":"Extension"}]},{"id":"Extension.id","path":"Extension.id","representation":["xmlAttr"],"short":"xml:id (or equivalent in JSON)","definition":"unique id for the element within a resource (for internal references). This may be any string value that does not contain spaces.","min":0,"max":"1","base":{"path":"Element.id","min":0,"max":"1"},"type":[{"code":"string"}],"mapping":[{"identity":"rim","map":"n/a"}]},{"id":"Extension.extension","path":"Extension.extension","slicing":{"discriminator":[{"type":"value","path":"url"}],"description":"Extensions are always sliced by (at least) url","rules":"open"},"short":"Additional Content defined by implementations","definition":"May be used to represent additional information that is not part of the basic definition of the element. In order to make the use of extensions safe and manageable, there is a strict set of governance  applied to the definition and use of extensions. Though any implementer is allowed to define an extension, there is a set of requirements that SHALL be met as part of the definition of the extension.","comment":"There can be no stigma associated with the use of extensions by any application, project, or standard - regardless of the institution or jurisdiction that uses or defines the extensions.  The use of extensions is what allows the FHIR specification to retain a core level of simplicity for everyone.","alias":["extensions","user content"],"min":0,"max":"*","base":{"path":"Element.extension","min":0,"max":"*"},"type":[{"code":"Extension"}],"mapping":[{"identity":"rim","map":"n/a"}]},{"id":"Extension.url","path":"Extension.url","representation":["xmlAttr"],"short":"@url","definition":"SHALL contain exactly one [1..1] @url=\"http://hl7.org/fhir/us/hai/StructureDefinition/infection-present-at-time-of-surgery\" (CONF:3347-170).","comment":"The definition may point directly to a computable or human-readable definition of the extensibility codes, or it may be a logical URI as declared in some other specification. The definition SHALL be a URI for the Structure Definition defining the extension.","min":1,"max":"1","base":{"path":"Extension.url","min":1,"max":"1"},"type":[{"code":"uri"}],"mapping":[{"identity":"rim","map":"N/A"}]},{"id":"Extension.value[x]","path":"Extension.value[x]","label":"If the infection was present at the time of surgery, set valueBoolean=true. If the infection was not present at the time of surgery, set the valueBoolean=false.","slicing":{"discriminator":[{"type":"value","path":"@type"}],"rules":"open"},"short":"If the infection was present at the time of surgery, set valueBoolean=true. If the infection was not present at the time of surgery, set the valueBoolean=false.","definition":"MAY contain zero or one [0..1] value[x], where value[x] is (CONF:3347-169)","min":0,"max":"1","base":{"path":"Extension.value[x]","min":0,"max":"1"},"type":[{"code":"base64Binary"},{"code":"boolean"},{"code":"code"},{"code":"date"},{"code":"dateTime"},{"code":"decimal"},{"code":"id"},{"code":"instant"},{"code":"integer"},{"code":"markdown"},{"code":"oid"},{"code":"positiveInt"},{"code":"string"},{"code":"time"},{"code":"unsignedInt"},{"code":"uri"},{"code":"Address"},{"code":"Age"},{"code":"Annotation"},{"code":"Attachment"},{"code":"CodeableConcept"},{"code":"Coding"},{"code":"ContactPoint"},{"code":"Count"},{"code":"Distance"},{"code":"Duration"},{"code":"HumanName"},{"code":"Identifier"},{"code":"Money"},{"code":"Period"},{"code":"Quantity"},{"code":"Range"},{"code":"Ratio"},{"code":"Reference"},{"code":"SampledData"},{"code":"Signature"},{"code":"Timing"},{"code":"Meta"}],"mapping":[{"identity":"rim","map":"N/A"}]},{"id":"Extension.value[x]","path":"Extension.value[x]","short":"valueBoolean","definition":"valueBoolean (CONF:3347-171)","min":0,"max":"1","base":{"path":"Extension.value[x]","min":0,"max":"1"},"type":[{"code":"base64Binary"},{"code":"boolean"},{"code":"code"},{"code":"date"},{"code":"dateTime"},{"code":"decimal"},{"code":"id"},{"code":"instant"},{"code":"integer"},{"code":"markdown"},{"code":"oid"},{"code":"positiveInt"},{"code":"string"},{"code":"time"},{"code":"unsignedInt"},{"code":"uri"},{"code":"Address"},{"code":"Age"},{"code":"Annotation"},{"code":"Attachment"},{"code":"CodeableConcept"},{"code":"Coding"},{"code":"ContactPoint"},{"code":"Count"},{"code":"Distance"},{"code":"Duration"},{"code":"HumanName"},{"code":"Identifier"},{"code":"Money"},{"code":"Period"},{"code":"Quantity"},{"code":"Range"},{"code":"Ratio"},{"code":"Reference"},{"code":"SampledData"},{"code":"Signature"},{"code":"Timing"},{"code":"Meta"}],"mapping":[{"identity":"rim","map":"N/A"}]}]},"differential":{"element":[{"id":"Extension","path":"Extension"},{"id":"Extension.url","path":"Extension.url","short":"@url","definition":"SHALL contain exactly one [1..1] @url=\"http://hl7.org/fhir/us/hai/StructureDefinition/infection-present-at-time-of-surgery\" (CONF:3347-170).","min":1,"max":"1"},{"id":"Extension.value[x]","path":"Extension.value[x]","label":"If the infection was present at the time of surgery, set valueBoolean=true. If the infection was not present at the time of surgery, set the valueBoolean=false.","slicing":{"discriminator":[{"type":"value","path":"@type"}],"rules":"open"},"short":"If the infection was present at the time of surgery, set valueBoolean=true. If the infection was not present at the time of surgery, set the valueBoolean=false.","definition":"MAY contain zero or one [0..1] value[x], where value[x] is (CONF:3347-169)","min":0,"max":"1"},{"id":"Extension.valueBoolean","path":"Extension.valueBoolean","short":"valueBoolean","definition":"valueBoolean (CONF:3347-171)"}]}}