<?xml version="1.0" encoding="UTF-8"?><ValueSet xmlns="http://hl7.org/fhir"><id value="nhsn-pathogen-code"/><text><status value="generated"/><div xmlns="http://www.w3.org/1999/xhtml"><h2>NHSNPathogenCode</h2><div><p>Code System: SNOMED CT 2.16.840.1.113883.6.96 or cdcNHSN 2.16.840.1.113883.6.277</p>
<p>A full listing of codes can be found in the hai_voc.xls file provided with this package.</p>
</div><p>This value set includes codes from the following code systems:</p><ul><li>Include these codes as defined in <code>urn:oid:http://snomed.info/sct</code><table class="none"><tr><td><b>Code</b></td><td><b>Display</b></td></tr><tr><td>50471002</td><td>Zika virus (organism)</td><td/></tr><tr><td>2423009</td><td>Chikungunya virus (organism)</td><td/></tr></table></li></ul></div></text><url value="http://hl7.org/fhir/us/hai/ValueSet/nhsn-pathogen-code"/><name value="NHSNPathogenCode"/><status value="active"/><date value="2017-09-26T23:36:52+10:00"/><description value="Code System: SNOMED CT 2.16.840.1.113883.6.96 or cdcNHSN 2.16.840.1.113883.6.277&#xA;&#xA;A full listing of codes can be found in the hai_voc.xls file provided with this package."/><compose><include><system value="urn:oid:http://snomed.info/sct"/><concept><code value="50471002"/><display value="Zika virus (organism)"/></concept><concept><code value="2423009"/><display value="Chikungunya virus (organism)"/></concept></include></compose></ValueSet>