<?xml version="1.0" encoding="UTF-8"?><ValueSet xmlns="http://hl7.org/fhir"><id value="nhsn-infection-type-code"/><text><status value="generated"/><div xmlns="http://www.w3.org/1999/xhtml"><h2>NHSNInfectionTypeCode</h2><div><p>Code System: cdcNHSN 2.16.840.1.113883.6.277 or SNOMED CT 2.16.840.1.113883.6.96</p>
<p>A full listing of codes can be found in the hai_voc.xls file provided with this package.</p>
</div><p>This value set includes codes from the following code systems:</p><ul><li>Include these codes as defined in <code>urn:oid:2.16.840.1.113883.6.96</code><table class="none"><tr><td><b>Code</b></td><td><b>Display</b></td></tr><tr><td>19824006</td><td>Skin or Soft Tissue Infection</td><td/></tr><tr><td>50417007</td><td>Lower respiratory Infection</td><td/></tr><tr><td>68566005</td><td>Urinary Tract Infection</td><td/></tr><tr><td>91302008</td><td>Systemic Infection</td><td/></tr><tr><td>128116006</td><td>Infection of the Central Nervous System</td><td/></tr><tr><td>128402005</td><td>Infection of the cardiovascular system</td><td/></tr><tr><td>312158001</td><td>Gastrointestinal Infection</td><td/></tr><tr><td>431193003</td><td>Bloodstream Infection</td><td/></tr><tr><td>433202001</td><td>Surgical Site Infection</td><td/></tr></table></li><li>Include these codes as defined in <code>urn:oid:2.16.840.1.113883.6.277</code><table class="none"><tr><td><b>Code</b></td><td><b>Display</b></td></tr><tr><td>1792-1</td><td>MDRO Infection</td><td/></tr><tr><td>1795-4</td><td>CDAD Infection</td><td/></tr><tr><td>1796-2</td><td>Infection of the Reproduction System</td><td/></tr><tr><td>1797-0</td><td>Infection of the Ear/Eyes/Nose or Throat</td><td/></tr><tr><td>1798-8</td><td>Bone or Joint Infection</td><td/></tr><tr><td>2340-3</td><td>Ventilator Associated Event</td><td/></tr></table></li></ul></div></text><url value="http://hl7.org/fhir/us/hai/ValueSet/nhsn-infection-type-code"/><name value="NHSNInfectionTypeCode"/><status value="active"/><date value="2017-09-25T20:26:03+10:00"/><description value="Code System: cdcNHSN 2.16.840.1.113883.6.277 or SNOMED CT 2.16.840.1.113883.6.96&#xA;&#xA;A full listing of codes can be found in the hai_voc.xls file provided with this package."/><compose><include><system value="urn:oid:2.16.840.1.113883.6.96"/><concept><code value="19824006"/><display value="Skin or Soft Tissue Infection"/></concept><concept><code value="50417007"/><display value="Lower respiratory Infection"/></concept><concept><code value="68566005"/><display value="Urinary Tract Infection"/></concept><concept><code value="91302008"/><display value="Systemic Infection"/></concept><concept><code value="128116006"/><display value="Infection of the Central Nervous System"/></concept><concept><code value="128402005"/><display value="Infection of the cardiovascular system"/></concept><concept><code value="312158001"/><display value="Gastrointestinal Infection"/></concept><concept><code value="431193003"/><display value="Bloodstream Infection"/></concept><concept><code value="433202001"/><display value="Surgical Site Infection"/></concept></include><include><system value="urn:oid:2.16.840.1.113883.6.277"/><concept><code value="1792-1"/><display value="MDRO Infection"/></concept><concept><code value="1795-4"/><display value="CDAD Infection"/></concept><concept><code value="1796-2"/><display value="Infection of the Reproduction System"/></concept><concept><code value="1797-0"/><display value="Infection of the Ear/Eyes/Nose or Throat"/></concept><concept><code value="1798-8"/><display value="Bone or Joint Infection"/></concept><concept><code value="2340-3"/><display value="Ventilator Associated Event"/></concept></include></compose></ValueSet>