<?xml version="1.0" encoding="UTF-8"?><ValueSet xmlns="http://hl7.org/fhir"><id value="nhsn-procedure-category-code"/><text><status value="generated"/><div xmlns="http://www.w3.org/1999/xhtml"><h2>NHSNProcedureCategoryCode</h2><div><p>Code System: cdcNHSN 2.16.840.1.113883.6.277</p>
<p>NHSN&#39;s value set for the clinical statement recording procedure details in SSI, CLIP, and Procedure Reports.&#xFFFD;&#xFFFD;&#xFFFD;&#xFFFD;&#xFFFD;&#xFFFD;&#xFFFD;&#xFFFD; &#xFFFD;&#xFFFD;&#xFFFD;&#xFFFD;&#xFFFD;&#xFFFD;&#xFFFD; &#xFFFD;&#xFFFD;&#xFFFD;&#xFFFD;&#xFFFD;&#xFFFD;&#xFFFD; &#xFFFD;&#xFFFD;&#xFFFD;&#xFFFD;&#xFFFD;&#xFFFD;&#xFFFD; &#xFFFD;&#xFFFD;&#xFFFD;&#xFFFD;&#xFFFD;&#xFFFD;&#xFFFD; &#xFFFD;&#xFFFD;&#xFFFD;&#xFFFD;&#xFFFD;&#xFFFD;&#xFFFD;</p>
<p>The full table is shown in the hai_voc.xls file provided with this package.</p>
</div><p>This value set includes codes from the following code systems:</p><ul><li>Include these codes as defined in <code>urn:oid:2.16.840.1.113883.6.277</code><table class="none"><tr><td><b>Code</b></td><td><b>Display</b></td></tr><tr><td>2105-5</td><td>Abdominal aortic aneurysm repair</td><td/></tr><tr><td>2107-1</td><td>Abdominal hysterectomy</td><td/></tr><tr><td>2108-9</td><td>Appendix surgery</td><td/></tr><tr><td>2102-2</td><td>AV shunt for dialysis</td><td/></tr><tr><td>2109-7</td><td>Bile duct, liver or pancreatic surgery</td><td/></tr><tr><td>2110-5</td><td>Breast surgery</td><td/></tr><tr><td>2111-3</td><td>Cardiac Surgery</td><td/></tr><tr><td>2114-7</td><td>Carotid endarterectomy</td><td/></tr><tr><td>2115-4</td><td>Cesarean section</td><td/></tr><tr><td>2116-2</td><td>Colon surgery</td><td/></tr><tr><td>2112-1</td><td>Coronary artery bypass graft with both chest and donor site incisions</td><td/></tr><tr><td>2113-9</td><td>Coronary artery bypass graft with chest incision only</td><td/></tr><tr><td>2117-0</td><td>Craniotomy</td><td/></tr><tr><td>2118-8</td><td>Exploratory abdominal surgery</td><td/></tr><tr><td>2119-6</td><td>Gallbladder surgery</td><td/></tr><tr><td>2120-4</td><td>Gastric surgery</td><td/></tr><tr><td>2121-2</td><td>Heart transplant</td><td/></tr><tr><td>2106-3</td><td>Herniorrhaphy</td><td/></tr><tr><td>2101-4</td><td>Hip Replacement</td><td/></tr><tr><td>2122-0</td><td>Kidney surgery</td><td/></tr><tr><td>2123-8</td><td>Kidney transplant</td><td/></tr><tr><td>2124-6</td><td>Knee prosthesis</td><td/></tr><tr><td>2125-3</td><td>Laminectomy</td><td/></tr><tr><td>2126-1</td><td>Limb amputation</td><td/></tr><tr><td>2127-9</td><td>Liver transplant</td><td/></tr><tr><td>2128-7</td><td>Neck surgery</td><td/></tr><tr><td>2103-0</td><td>Not an NHSN operation</td><td/></tr><tr><td>2129-5</td><td>Open reduction of fracture</td><td/></tr><tr><td>2104-8</td><td>Other operations</td><td/></tr><tr><td>2130-3</td><td>Ovarian surgery</td><td/></tr><tr><td>2131-1</td><td>Pacemaker surgery</td><td/></tr><tr><td>2132-9</td><td>Peripheral vascular bypass surgery</td><td/></tr><tr><td>2133-7</td><td>Prostate surgery</td><td/></tr><tr><td>2134-5</td><td>Rectal surgery</td><td/></tr><tr><td>2135-2</td><td>Refusion of spine</td><td/></tr><tr><td>2136-0</td><td>Small bowel surgery</td><td/></tr><tr><td>2137-8</td><td>Spinal fusion</td><td/></tr><tr><td>2138-6</td><td>Spleen surgery</td><td/></tr><tr><td>2139-4</td><td>Thoracic surgery</td><td/></tr><tr><td>2140-2</td><td>Thyroid and/or parathyroid surgery</td><td/></tr><tr><td>2141-0</td><td>Vaginal hysterectomy</td><td/></tr><tr><td>2142-8</td><td>Ventricular shunt</td><td/></tr><tr><td>2102-2</td><td>Shunt for dialysis</td><td/></tr></table></li></ul></div></text><url value="http://hl7.org/fhir/us/hai/ValueSet/nhsn-procedure-category-code"/><name value="NHSNProcedureCategoryCode"/><status value="active"/><date value="2017-09-25T20:26:03+10:00"/><description value="Code System: cdcNHSN 2.16.840.1.113883.6.277&#xD;&#xA;&#xD;&#xA;NHSN&#39;s value set for the clinical statement recording procedure details in SSI, CLIP, and Procedure Reports.&#xFFFD;&#xFFFD;&#xFFFD;&#xFFFD;&#xFFFD;&#xFFFD;&#xFFFD;&#xFFFD; &#xFFFD;&#xFFFD;&#xFFFD;&#xFFFD;&#xFFFD;&#xFFFD;&#xFFFD; &#xFFFD;&#xFFFD;&#xFFFD;&#xFFFD;&#xFFFD;&#xFFFD;&#xFFFD; &#xFFFD;&#xFFFD;&#xFFFD;&#xFFFD;&#xFFFD;&#xFFFD;&#xFFFD; &#xFFFD;&#xFFFD;&#xFFFD;&#xFFFD;&#xFFFD;&#xFFFD;&#xFFFD; &#xFFFD;&#xFFFD;&#xFFFD;&#xFFFD;&#xFFFD;&#xFFFD;&#xFFFD;&#xD;&#xA;&#xD;&#xA;The full table is shown in the hai_voc.xls file provided with this package."/><compose><include><system value="urn:oid:2.16.840.1.113883.6.277"/><concept><code value="2105-5"/><display value="Abdominal aortic aneurysm repair"/></concept><concept><code value="2107-1"/><display value="Abdominal hysterectomy"/></concept><concept><code value="2108-9"/><display value="Appendix surgery"/></concept><concept><code value="2102-2"/><display value="AV shunt for dialysis"/></concept><concept><code value="2109-7"/><display value="Bile duct, liver or pancreatic surgery"/></concept><concept><code value="2110-5"/><display value="Breast surgery"/></concept><concept><code value="2111-3"/><display value="Cardiac Surgery"/></concept><concept><code value="2114-7"/><display value="Carotid endarterectomy"/></concept><concept><code value="2115-4"/><display value="Cesarean section"/></concept><concept><code value="2116-2"/><display value="Colon surgery"/></concept><concept><code value="2112-1"/><display value="Coronary artery bypass graft with both chest and donor site incisions"/></concept><concept><code value="2113-9"/><display value="Coronary artery bypass graft with chest incision only"/></concept><concept><code value="2117-0"/><display value="Craniotomy"/></concept><concept><code value="2118-8"/><display value="Exploratory abdominal surgery"/></concept><concept><code value="2119-6"/><display value="Gallbladder surgery"/></concept><concept><code value="2120-4"/><display value="Gastric surgery"/></concept><concept><code value="2121-2"/><display value="Heart transplant"/></concept><concept><code value="2106-3"/><display value="Herniorrhaphy"/></concept><concept><code value="2101-4"/><display value="Hip Replacement"/></concept><concept><code value="2122-0"/><display value="Kidney surgery"/></concept><concept><code value="2123-8"/><display value="Kidney transplant"/></concept><concept><code value="2124-6"/><display value="Knee prosthesis"/></concept><concept><code value="2125-3"/><display value="Laminectomy"/></concept><concept><code value="2126-1"/><display value="Limb amputation"/></concept><concept><code value="2127-9"/><display value="Liver transplant"/></concept><concept><code value="2128-7"/><display value="Neck surgery"/></concept><concept><code value="2103-0"/><display value="Not an NHSN operation"/></concept><concept><code value="2129-5"/><display value="Open reduction of fracture"/></concept><concept><code value="2104-8"/><display value="Other operations"/></concept><concept><code value="2130-3"/><display value="Ovarian surgery"/></concept><concept><code value="2131-1"/><display value="Pacemaker surgery"/></concept><concept><code value="2132-9"/><display value="Peripheral vascular bypass surgery"/></concept><concept><code value="2133-7"/><display value="Prostate surgery"/></concept><concept><code value="2134-5"/><display value="Rectal surgery"/></concept><concept><code value="2135-2"/><display value="Refusion of spine"/></concept><concept><code value="2136-0"/><display value="Small bowel surgery"/></concept><concept><code value="2137-8"/><display value="Spinal fusion"/></concept><concept><code value="2138-6"/><display value="Spleen surgery"/></concept><concept><code value="2139-4"/><display value="Thoracic surgery"/></concept><concept><code value="2140-2"/><display value="Thyroid and/or parathyroid surgery"/></concept><concept><code value="2141-0"/><display value="Vaginal hysterectomy"/></concept><concept><code value="2142-8"/><display value="Ventricular shunt"/></concept><concept><code value="2102-2"/><display value="Shunt for dialysis"/></concept></include></compose></ValueSet>