<?xml version="1.0" encoding="UTF-8"?><ValueSet xmlns="http://hl7.org/fhir"><id value="nhsn-occasion-of-detection"/><text><status value="generated"/><div xmlns="http://www.w3.org/1999/xhtml"><h2>NHSNOccasionOfDetectionCode</h2><div><p>Code System: cdcNHSN 2.16.840.1.113883.6.277</p>
<p>A full listing of codes can be found in the hai_voc.xls file provided with this package.</p>
</div><p>This value set includes codes from the following code systems:</p><ul><li>Include these codes as defined in <code>urn:oid:2.16.840.1.113883.6.277</code><table class="none"><tr><td><b>Code</b></td><td><b>Display</b></td></tr><tr><td>1505-7</td><td>Post Discharge Surveillance</td><td/></tr><tr><td>1510-7</td><td>Admission (during the stay in which the surgery was performed)</td><td/></tr><tr><td>1516-4</td><td>Readmission to facility where associated procedure performed</td><td/></tr><tr><td>1517-2</td><td>Readmission to facility other than where the associated procedure was performed</td><td/></tr></table></li></ul></div></text><url value="http://hl7.org/fhir/us/hai/ValueSet/nhsn-occasion-of-detection"/><name value="NHSNOccasionOfDetectionCode"/><status value="active"/><date value="2017-09-24T19:29:43+10:00"/><description value="Code System: cdcNHSN 2.16.840.1.113883.6.277&#xA;&#xA;A full listing of codes can be found in the hai_voc.xls file provided with this package."/><compose><include><system value="urn:oid:2.16.840.1.113883.6.277"/><concept><code value="1505-7"/><display value="Post Discharge Surveillance"/></concept><concept><code value="1510-7"/><display value="Admission (during the stay in which the surgery was performed)"/></concept><concept><code value="1516-4"/><display value="Readmission to facility where associated procedure performed"/></concept><concept><code value="1517-2"/><display value="Readmission to facility other than where the associated procedure was performed"/></concept></include></compose></ValueSet>