{"resourceType":"StructureDefinition","id":"infection-condition","text":{"status":"generated","div":"<div xmlns=\"http://www.w3.org/1999/xhtml\"><table border=\"0\" cellpadding=\"0\" cellspacing=\"0\" style=\"border: 0px #F0F0F0 solid; font-size: 11px; font-family: verdana; vertical-align: top;\"><tr style=\"border: 1px #F0F0F0 solid; font-size: 11px; font-family: verdana; vertical-align: top;\"><th style=\"vertical-align: top; text-align : left; background-color: white; border: 0px #F0F0F0 solid; padding:0px 4px 0px 4px\" class=\"hierarchy\"><a href=\"http://hl7.org/fhir/STU3/formats.html#table\" title=\"The logical name of the element\">Name</a></th><th style=\"vertical-align: top; text-align : left; background-color: white; border: 0px #F0F0F0 solid; padding:0px 4px 0px 4px\" class=\"hierarchy\"><a href=\"http://hl7.org/fhir/STU3/formats.html#table\" title=\"Information about the use of the element\">Flags</a></th><th style=\"vertical-align: top; text-align : left; background-color: white; border: 0px #F0F0F0 solid; padding:0px 4px 0px 4px\" class=\"hierarchy\"><a href=\"http://hl7.org/fhir/STU3/formats.html#table\" title=\"Minimum and Maximum # of times the the element can appear in the instance\">Card.</a></th><th style=\"width: 100px\" class=\"hierarchy\"><a href=\"http://hl7.org/fhir/STU3/formats.html#table\" title=\"Reference to the type of the element\">Type</a></th><th style=\"vertical-align: top; text-align : left; background-color: white; border: 0px #F0F0F0 solid; padding:0px 4px 0px 4px\" class=\"hierarchy\"><a href=\"http://hl7.org/fhir/STU3/formats.html#table\" title=\"Additional information about the element\">Description &amp; Constraints</a><span style=\"float: right\"><a href=\"http://hl7.org/fhir/STU3/formats.html#table\" title=\"Legend for this format\"><img src=\"http://hl7.org/fhir/STU3/help16.png\" alt=\"doco\" style=\"background-color: inherit\"/></a></span></th></tr><tr style=\"border: 0px #F0F0F0 solid; padding:0px; vertical-align: top; background-color: white;\"><td style=\"vertical-align: top; text-align : left; background-color: white; border: 0px #F0F0F0 solid; padding:0px 4px 0px 4px; white-space: nowrap; background-image: url(tbl_bck1.png)\" class=\"hierarchy\"><img src=\"tbl_spacer.png\" alt=\".\" style=\"background-color: inherit\" class=\"hierarchy\"/><img src=\"icon_element.gif\" alt=\".\" style=\"background-color: white; background-color: inherit\" title=\"Element\" class=\"hierarchy\"/> <span title=\"null\">Condition</span><a name=\"Condition\"> </a></td><td style=\"vertical-align: top; text-align : left; background-color: white; border: 0px #F0F0F0 solid; padding:0px 4px 0px 4px\" class=\"hierarchy\"/><td style=\"vertical-align: top; text-align : left; background-color: white; border: 0px #F0F0F0 solid; padding:0px 4px 0px 4px\" class=\"hierarchy\"><span style=\"opacity: 0.4\">0</span><span style=\"opacity: 0.5\">..</span><span style=\"opacity: 0.4\">*</span></td><td style=\"vertical-align: top; text-align : left; background-color: white; border: 0px #F0F0F0 solid; padding:0px 4px 0px 4px\" class=\"hierarchy\"/><td style=\"vertical-align: top; text-align : left; background-color: white; border: 0px #F0F0F0 solid; padding:0px 4px 0px 4px\" class=\"hierarchy\"/></tr>\r\n<tr style=\"border: 0px #F0F0F0 solid; padding:0px; vertical-align: top; background-color: white;\"><td style=\"vertical-align: top; text-align : left; background-color: white; border: 0px #F0F0F0 solid; padding:0px 4px 0px 4px; white-space: nowrap; background-image: url(tbl_bck10.png)\" class=\"hierarchy\"><img src=\"tbl_spacer.png\" alt=\".\" style=\"background-color: inherit\" class=\"hierarchy\"/><img src=\"tbl_vjoin.png\" alt=\".\" style=\"background-color: inherit\" class=\"hierarchy\"/><img src=\"icon_primitive.png\" alt=\".\" style=\"background-color: white; background-color: inherit\" title=\"Primitive Data Type\" class=\"hierarchy\"/> <span title=\"SHALL contain exactly one [1..1] verificationStatus=&quot;confirmed&quot; (CodeSystem: ConditionVerificationStatus http://hl7.org/fhir/condition-ver-status) (CONF:3347-175).\">verificationStatus</span><a name=\"Condition.verificationStatus\"> </a></td><td style=\"vertical-align: top; text-align : left; background-color: white; border: 0px #F0F0F0 solid; padding:0px 4px 0px 4px\" class=\"hierarchy\"/><td style=\"vertical-align: top; text-align : left; background-color: white; border: 0px #F0F0F0 solid; padding:0px 4px 0px 4px\" class=\"hierarchy\"><span style=\"opacity: 0.4\">1</span><span style=\"opacity: 0.5\">..</span><span style=\"opacity: 0.4\">1</span></td><td style=\"vertical-align: top; text-align : left; background-color: white; border: 0px #F0F0F0 solid; padding:0px 4px 0px 4px\" class=\"hierarchy\"><a style=\"opacity: 0.4\" href=\"http://hl7.org/fhir/STU3/datatypes.html#code\">code</a></td><td style=\"vertical-align: top; text-align : left; background-color: white; border: 0px #F0F0F0 solid; padding:0px 4px 0px 4px\" class=\"hierarchy\">verificationStatus<br/><span style=\"font-weight:bold\">Required Pattern: </span><span style=\"color: darkgreen\">confirmed</span></td></tr>\r\n<tr style=\"border: 0px #F0F0F0 solid; padding:0px; vertical-align: top; background-color: white;\"><td style=\"vertical-align: top; text-align : left; background-color: white; border: 0px #F0F0F0 solid; padding:0px 4px 0px 4px; white-space: nowrap; background-image: url(tbl_bck10.png)\" class=\"hierarchy\"><img src=\"tbl_spacer.png\" alt=\".\" style=\"background-color: inherit\" class=\"hierarchy\"/><img src=\"tbl_vjoin.png\" alt=\".\" style=\"background-color: inherit\" class=\"hierarchy\"/><img src=\"icon_datatype.gif\" alt=\".\" style=\"background-color: white; background-color: inherit\" title=\"Data Type\" class=\"hierarchy\"/> <span title=\"SHALL contain exactly one [1..1] category, which SHALL be selected from ValueSet NHSNInfectionTypeCode http://hl7.org/fhir/us/hai/ValueSet/nhsn-infection-type-code (CONF:3347-143).\">category</span><a name=\"Condition.category\"> </a></td><td style=\"vertical-align: top; text-align : left; background-color: white; border: 0px #F0F0F0 solid; padding:0px 4px 0px 4px\" class=\"hierarchy\"/><td style=\"vertical-align: top; text-align : left; background-color: white; border: 0px #F0F0F0 solid; padding:0px 4px 0px 4px\" class=\"hierarchy\"><span style=\"opacity: 0.4\">1</span>..<span style=\"opacity: 0.4\">1</span></td><td style=\"vertical-align: top; text-align : left; background-color: white; border: 0px #F0F0F0 solid; padding:0px 4px 0px 4px\" class=\"hierarchy\"><a style=\"opacity: 0.4\" href=\"http://hl7.org/fhir/STU3/datatypes.html#CodeableConcept\">CodeableConcept</a></td><td style=\"vertical-align: top; text-align : left; background-color: white; border: 0px #F0F0F0 solid; padding:0px 4px 0px 4px\" class=\"hierarchy\">Infection/Event Type<br/><span style=\"font-weight:bold\">Binding: </span><a href=\"ValueSet-nhsn-infection-type-code.html\">NHSNInfectionTypeCode</a> (<a href=\"http://hl7.org/fhir/STU3/terminologies.html#required\" title=\"To be conformant, the concept in this element SHALL be from the specified value set\">required</a>)</td></tr>\r\n<tr style=\"border: 0px #F0F0F0 solid; padding:0px; vertical-align: top; background-color: white;\"><td style=\"vertical-align: top; text-align : left; background-color: white; border: 0px #F0F0F0 solid; padding:0px 4px 0px 4px; white-space: nowrap; background-image: url(tbl_bck10.png)\" class=\"hierarchy\"><img src=\"tbl_spacer.png\" alt=\".\" style=\"background-color: inherit\" class=\"hierarchy\"/><img src=\"tbl_vjoin.png\" alt=\".\" style=\"background-color: inherit\" class=\"hierarchy\"/><img src=\"icon_datatype.gif\" alt=\".\" style=\"background-color: white; background-color: inherit\" title=\"Data Type\" class=\"hierarchy\"/> <span title=\"MAY contain exactly one [1..1] code (ValueSet: NHSNInfectionConditionCode http://hl7.org/fhir/us/hai/ValueSet/nhsn-infection-condition-code) (CONF:3347-144).\">code</span><a name=\"Condition.code\"> </a></td><td style=\"vertical-align: top; text-align : left; background-color: white; border: 0px #F0F0F0 solid; padding:0px 4px 0px 4px\" class=\"hierarchy\"/><td style=\"vertical-align: top; text-align : left; background-color: white; border: 0px #F0F0F0 solid; padding:0px 4px 0px 4px\" class=\"hierarchy\"><span style=\"opacity: 0.4\">1</span><span style=\"opacity: 0.5\">..</span><span style=\"opacity: 0.4\">1</span></td><td style=\"vertical-align: top; text-align : left; background-color: white; border: 0px #F0F0F0 solid; padding:0px 4px 0px 4px\" class=\"hierarchy\"><a style=\"opacity: 0.4\" href=\"http://hl7.org/fhir/STU3/datatypes.html#CodeableConcept\">CodeableConcept</a></td><td style=\"vertical-align: top; text-align : left; background-color: white; border: 0px #F0F0F0 solid; padding:0px 4px 0px 4px\" class=\"hierarchy\">Infection Condition/Event Details<br/><span style=\"font-weight:bold\">Binding: </span><a href=\"ValueSet-nhsn-infection-condition-code.html\">NHSNInfectionConditionCode</a> (<a href=\"http://hl7.org/fhir/STU3/terminologies.html#example\" title=\"Instances are not expected or even encouraged to draw from the specified value set.  The value set merely provides examples of the types of concepts intended to be included.\">example</a>)</td></tr>\r\n<tr style=\"border: 0px #F0F0F0 solid; padding:0px; vertical-align: top; background-color: white;\"><td style=\"vertical-align: top; text-align : left; background-color: white; border: 0px #F0F0F0 solid; padding:0px 4px 0px 4px; white-space: nowrap; background-image: url(tbl_bck10.png)\" class=\"hierarchy\"><img src=\"tbl_spacer.png\" alt=\".\" style=\"background-color: inherit\" class=\"hierarchy\"/><img src=\"tbl_vjoin.png\" alt=\".\" style=\"background-color: inherit\" class=\"hierarchy\"/><img src=\"icon_reference.png\" alt=\".\" style=\"background-color: white; background-color: inherit\" title=\"Reference to another Resource\" class=\"hierarchy\"/> <span title=\"SHALL contain exactly one [1..1] HAI Patient (identifier: http://hl7.org/fhir/us/hai/StructureDefinition/hai-patient) (CONF:3347-145).\">subject</span><a name=\"Condition.subject\"> </a></td><td style=\"vertical-align: top; text-align : left; background-color: white; border: 0px #F0F0F0 solid; padding:0px 4px 0px 4px\" class=\"hierarchy\"/><td style=\"vertical-align: top; text-align : left; background-color: white; border: 0px #F0F0F0 solid; padding:0px 4px 0px 4px\" class=\"hierarchy\"><span style=\"opacity: 0.4\">1</span><span style=\"opacity: 0.5\">..</span><span style=\"opacity: 0.4\">1</span></td><td style=\"vertical-align: top; text-align : left; background-color: white; border: 0px #F0F0F0 solid; padding:0px 4px 0px 4px\" class=\"hierarchy\"><a href=\"http://hl7.org/fhir/STU3/references.html\">Reference</a>(<a href=\"StructureDefinition-hai-patient.html\">HAI Patient</a>)</td><td style=\"vertical-align: top; text-align : left; background-color: white; border: 0px #F0F0F0 solid; padding:0px 4px 0px 4px\" class=\"hierarchy\">subject</td></tr>\r\n<tr style=\"border: 0px #F0F0F0 solid; padding:0px; vertical-align: top; background-color: white;\"><td style=\"vertical-align: top; text-align : left; background-color: white; border: 0px #F0F0F0 solid; padding:0px 4px 0px 4px; white-space: nowrap; background-image: url(tbl_bck10.png)\" class=\"hierarchy\"><img src=\"tbl_spacer.png\" alt=\".\" style=\"background-color: inherit\" class=\"hierarchy\"/><img src=\"tbl_vjoin.png\" alt=\".\" style=\"background-color: inherit\" class=\"hierarchy\"/><img src=\"icon_slice.png\" alt=\".\" style=\"background-color: white; background-color: inherit\" title=\"Slice Definition\" class=\"hierarchy\"/> <span style=\"font-style: italic\" title=\"MAY contain zero or one [0..1] onset[x], where onset[x] is (CONF:3347-159)\">onset[x]</span><a name=\"Condition.onset_x_\"> </a></td><td style=\"vertical-align: top; text-align : left; background-color: white; border: 0px #F0F0F0 solid; padding:0px 4px 0px 4px\" class=\"hierarchy\"/><td style=\"vertical-align: top; text-align : left; background-color: white; border: 0px #F0F0F0 solid; padding:0px 4px 0px 4px\" class=\"hierarchy\"/><td style=\"vertical-align: top; text-align : left; background-color: white; border: 0px #F0F0F0 solid; padding:0px 4px 0px 4px\" class=\"hierarchy\"><a style=\"opacity: 0.4; font-style: italic\" href=\"http://hl7.org/fhir/STU3/datatypes.html#dateTime\">dateTime</a><span style=\"opacity: 0.4; font-style: italic\">, </span><a style=\"opacity: 0.4; font-style: italic\" href=\"http://hl7.org/fhir/STU3/datatypes.html#Age\">Age</a><span style=\"opacity: 0.4; font-style: italic\">, </span><a style=\"opacity: 0.4; font-style: italic\" href=\"http://hl7.org/fhir/STU3/datatypes.html#Period\">Period</a><span style=\"opacity: 0.4; font-style: italic\">, </span><a style=\"opacity: 0.4; font-style: italic\" href=\"http://hl7.org/fhir/STU3/datatypes.html#Range\">Range</a><span style=\"opacity: 0.4; font-style: italic\">, </span><a style=\"opacity: 0.4; font-style: italic\" href=\"http://hl7.org/fhir/STU3/datatypes.html#string\">string</a></td><td style=\"vertical-align: top; text-align : left; background-color: white; border: 0px #F0F0F0 solid; padding:0px 4px 0px 4px\" class=\"hierarchy\"><span style=\"font-style: italic\">onset[x]</span><br style=\"font-style: italic\"/><span style=\"font-weight:bold; font-style: italic\">Slice: </span><span style=\"font-style: italic\">Unordered, Open by value:@type</span></td></tr>\r\n<tr style=\"border: 0px #F0F0F0 solid; padding:0px; vertical-align: top; background-color: white;\"><td style=\"vertical-align: top; text-align : left; background-color: white; border: 0px #F0F0F0 solid; padding:0px 4px 0px 4px; white-space: nowrap; background-image: url(tbl_bck10.png)\" class=\"hierarchy\"><img src=\"tbl_spacer.png\" alt=\".\" style=\"background-color: inherit\" class=\"hierarchy\"/><img src=\"tbl_vjoin.png\" alt=\".\" style=\"background-color: inherit\" class=\"hierarchy\"/><img src=\"icon_element.gif\" alt=\".\" style=\"background-color: white; background-color: inherit\" title=\"Element\" class=\"hierarchy\"/> <span title=\"onsetDateTime (CONF:3347-160)\">onsetDateTime</span><a name=\"Condition.onsetDateTime\"> </a></td><td style=\"vertical-align: top; text-align : left; background-color: white; border: 0px #F0F0F0 solid; padding:0px 4px 0px 4px\" class=\"hierarchy\"/><td style=\"vertical-align: top; text-align : left; background-color: white; border: 0px #F0F0F0 solid; padding:0px 4px 0px 4px\" class=\"hierarchy\"><span style=\"opacity: 0.4\">0</span><span style=\"opacity: 0.5\">..</span><span style=\"opacity: 0.4\">1</span></td><td style=\"vertical-align: top; text-align : left; background-color: white; border: 0px #F0F0F0 solid; padding:0px 4px 0px 4px\" class=\"hierarchy\"><a style=\"opacity: 0.4\" href=\"http://hl7.org/fhir/STU3/datatypes.html#dateTime\">dateTime</a><span style=\"opacity: 0.4\">, </span><a style=\"opacity: 0.4\" href=\"http://hl7.org/fhir/STU3/datatypes.html#Age\">Age</a><span style=\"opacity: 0.4\">, </span><a style=\"opacity: 0.4\" href=\"http://hl7.org/fhir/STU3/datatypes.html#Period\">Period</a><span style=\"opacity: 0.4\">, </span><a style=\"opacity: 0.4\" href=\"http://hl7.org/fhir/STU3/datatypes.html#Range\">Range</a><span style=\"opacity: 0.4\">, </span><a style=\"opacity: 0.4\" href=\"http://hl7.org/fhir/STU3/datatypes.html#string\">string</a></td><td style=\"vertical-align: top; text-align : left; background-color: white; border: 0px #F0F0F0 solid; padding:0px 4px 0px 4px\" class=\"hierarchy\">onsetDateTime</td></tr>\r\n<tr style=\"border: 0px #F0F0F0 solid; padding:0px; vertical-align: top; background-color: white;\"><td style=\"vertical-align: top; text-align : left; background-color: white; border: 0px #F0F0F0 solid; padding:0px 4px 0px 4px; white-space: nowrap; background-image: url(tbl_bck11.png)\" class=\"hierarchy\"><img src=\"tbl_spacer.png\" alt=\".\" style=\"background-color: inherit\" class=\"hierarchy\"/><img src=\"tbl_vjoin.png\" alt=\".\" style=\"background-color: inherit\" class=\"hierarchy\"/><img src=\"icon_element.gif\" alt=\".\" style=\"background-color: white; background-color: inherit\" title=\"Element\" class=\"hierarchy\"/> <span title=\"SHALL contain at least one [1..*] evidence (CONF:3347-148).\">evidence</span><a name=\"Condition.evidence\"> </a></td><td style=\"vertical-align: top; text-align : left; background-color: white; border: 0px #F0F0F0 solid; padding:0px 4px 0px 4px\" class=\"hierarchy\"/><td style=\"vertical-align: top; text-align : left; background-color: white; border: 0px #F0F0F0 solid; padding:0px 4px 0px 4px\" class=\"hierarchy\">1..*</td><td style=\"vertical-align: top; text-align : left; background-color: white; border: 0px #F0F0F0 solid; padding:0px 4px 0px 4px\" class=\"hierarchy\"><a style=\"opacity: 0.4\" href=\"http://hl7.org/fhir/STU3/datatypes.html#BackboneElement\">BackboneElement</a></td><td style=\"vertical-align: top; text-align : left; background-color: white; border: 0px #F0F0F0 solid; padding:0px 4px 0px 4px\" class=\"hierarchy\">Criteria of Diagnosis<br/></td></tr>\r\n<tr style=\"border: 0px #F0F0F0 solid; padding:0px; vertical-align: top; background-color: white;\"><td style=\"vertical-align: top; text-align : left; background-color: white; border: 0px #F0F0F0 solid; padding:0px 4px 0px 4px; white-space: nowrap; background-image: url(tbl_bck100.png)\" class=\"hierarchy\"><img src=\"tbl_spacer.png\" alt=\".\" style=\"background-color: inherit\" class=\"hierarchy\"/><img src=\"tbl_vline.png\" alt=\".\" style=\"background-color: inherit\" class=\"hierarchy\"/><img src=\"tbl_vjoin_end.png\" alt=\".\" style=\"background-color: inherit\" class=\"hierarchy\"/><img src=\"icon_datatype.gif\" alt=\".\" style=\"background-color: white; background-color: inherit\" title=\"Data Type\" class=\"hierarchy\"/> <span title=\"Such evidences SHALL contain exactly one [1..1] code, which SHALL be selected from ValueSet NHSNCriterionOfDiagnosisCode http://hl7.org/fhir/us/hai/ValueSet/nhsn-criterion-of-diagnosis-code (CONF:3347-149).\">code</span><a name=\"Condition.evidence.code\"> </a></td><td style=\"vertical-align: top; text-align : left; background-color: white; border: 0px #F0F0F0 solid; padding:0px 4px 0px 4px\" class=\"hierarchy\"/><td style=\"vertical-align: top; text-align : left; background-color: white; border: 0px #F0F0F0 solid; padding:0px 4px 0px 4px\" class=\"hierarchy\">1..1</td><td style=\"vertical-align: top; text-align : left; background-color: white; border: 0px #F0F0F0 solid; padding:0px 4px 0px 4px\" class=\"hierarchy\"><a style=\"opacity: 0.4\" href=\"http://hl7.org/fhir/STU3/datatypes.html#CodeableConcept\">CodeableConcept</a></td><td style=\"vertical-align: top; text-align : left; background-color: white; border: 0px #F0F0F0 solid; padding:0px 4px 0px 4px\" class=\"hierarchy\">Criterion of Diagnosis<br/><span style=\"font-weight:bold\">Binding: </span><a href=\"ValueSet-nhsn-criterion-of-diagnosis-code.html\">NHSNCriterionOfDiagnosisCode</a> (<a href=\"http://hl7.org/fhir/STU3/terminologies.html#required\" title=\"To be conformant, the concept in this element SHALL be from the specified value set\">required</a>)</td></tr>\r\n<tr style=\"border: 0px #F0F0F0 solid; padding:0px; vertical-align: top; background-color: white;\"><td style=\"vertical-align: top; text-align : left; background-color: white; border: 0px #F0F0F0 solid; padding:0px 4px 0px 4px; white-space: nowrap; background-image: url(tbl_bck10.png)\" class=\"hierarchy\"><img src=\"tbl_spacer.png\" alt=\".\" style=\"background-color: inherit\" class=\"hierarchy\"/><img src=\"tbl_vjoin.png\" alt=\".\" style=\"background-color: inherit\" class=\"hierarchy\"/><img src=\"icon_extension_complex.png\" alt=\".\" style=\"background-color: white; background-color: inherit\" title=\"Complex Extension\" class=\"hierarchy\"/> <span title=\"Extension URL = http://hl7.org/fhir/us/hai/StructureDefinition/infection-contributed-to-death\">infection-contributed-to-death</span><a name=\"Condition.extension\"> </a></td><td style=\"vertical-align: top; text-align : left; background-color: white; border: 0px #F0F0F0 solid; padding:0px 4px 0px 4px\" class=\"hierarchy\"/><td style=\"vertical-align: top; text-align : left; background-color: white; border: 0px #F0F0F0 solid; padding:0px 4px 0px 4px\" class=\"hierarchy\"><span style=\"opacity: 0.4\">0</span>..<span style=\"opacity: 0.4\">1</span></td><td style=\"vertical-align: top; text-align : left; background-color: white; border: 0px #F0F0F0 solid; padding:0px 4px 0px 4px\" class=\"hierarchy\"><a href=\"http://hl7.org/fhir/STU3/datatypes.html#base64Binary\">base64Binary</a>, <a href=\"http://hl7.org/fhir/STU3/datatypes.html#boolean\">boolean</a>, <a href=\"http://hl7.org/fhir/STU3/datatypes.html#code\">code</a>, <a href=\"http://hl7.org/fhir/STU3/datatypes.html#date\">date</a>, <a href=\"http://hl7.org/fhir/STU3/datatypes.html#dateTime\">dateTime</a>, <a href=\"http://hl7.org/fhir/STU3/datatypes.html#decimal\">decimal</a>, <a href=\"http://hl7.org/fhir/STU3/datatypes.html#id\">id</a>, <a href=\"http://hl7.org/fhir/STU3/datatypes.html#instant\">instant</a>, <a href=\"http://hl7.org/fhir/STU3/datatypes.html#integer\">integer</a>, <a href=\"http://hl7.org/fhir/STU3/datatypes.html#markdown\">markdown</a>, <a href=\"http://hl7.org/fhir/STU3/datatypes.html#oid\">oid</a>, <a href=\"http://hl7.org/fhir/STU3/datatypes.html#positiveInt\">positiveInt</a>, <a href=\"http://hl7.org/fhir/STU3/datatypes.html#string\">string</a>, <a href=\"http://hl7.org/fhir/STU3/datatypes.html#time\">time</a>, <a href=\"http://hl7.org/fhir/STU3/datatypes.html#unsignedInt\">unsignedInt</a>, <a href=\"http://hl7.org/fhir/STU3/datatypes.html#uri\">uri</a>, <a href=\"http://hl7.org/fhir/STU3/datatypes.html#Address\">Address</a>, <a href=\"http://hl7.org/fhir/STU3/datatypes.html#Age\">Age</a>, <a href=\"http://hl7.org/fhir/STU3/datatypes.html#Annotation\">Annotation</a>, <a href=\"http://hl7.org/fhir/STU3/datatypes.html#Attachment\">Attachment</a>, <a href=\"http://hl7.org/fhir/STU3/datatypes.html#CodeableConcept\">CodeableConcept</a>, <a href=\"http://hl7.org/fhir/STU3/datatypes.html#Coding\">Coding</a>, <a href=\"http://hl7.org/fhir/STU3/datatypes.html#ContactPoint\">ContactPoint</a>, <a href=\"http://hl7.org/fhir/STU3/datatypes.html#Count\">Count</a>, <a href=\"http://hl7.org/fhir/STU3/datatypes.html#Distance\">Distance</a>, <a href=\"http://hl7.org/fhir/STU3/datatypes.html#Duration\">Duration</a>, <a href=\"http://hl7.org/fhir/STU3/datatypes.html#HumanName\">HumanName</a>, <a href=\"http://hl7.org/fhir/STU3/datatypes.html#Identifier\">Identifier</a>, <a href=\"http://hl7.org/fhir/STU3/datatypes.html#Money\">Money</a>, <a href=\"http://hl7.org/fhir/STU3/datatypes.html#Period\">Period</a>, <a href=\"http://hl7.org/fhir/STU3/datatypes.html#Quantity\">Quantity</a>, <a href=\"http://hl7.org/fhir/STU3/datatypes.html#Range\">Range</a>, <a href=\"http://hl7.org/fhir/STU3/datatypes.html#Ratio\">Ratio</a>, <a href=\"http://hl7.org/fhir/STU3/references.html\">Reference</a>(), <a href=\"http://hl7.org/fhir/STU3/datatypes.html#SampledData\">SampledData</a>, <a href=\"http://hl7.org/fhir/STU3/datatypes.html#Signature\">Signature</a>, <a href=\"http://hl7.org/fhir/STU3/datatypes.html#Timing\">Timing</a>, <a href=\"http://hl7.org/fhir/STU3/datatypes.html#Meta\">Meta</a></td><td style=\"vertical-align: top; text-align : left; background-color: white; border: 0px #F0F0F0 solid; padding:0px 4px 0px 4px\" class=\"hierarchy\">extension<br/><span style=\"font-weight:bold\">URL: </span><a href=\"http://hl7.org/fhir/STU3/StructureDefinition-infection-contributed-to-death.html\">http://hl7.org/fhir/us/hai/StructureDefinition/infection-contributed-to-death</a></td></tr>\r\n<tr style=\"border: 0px #F0F0F0 solid; padding:0px; vertical-align: top; background-color: white;\"><td style=\"vertical-align: top; text-align : left; background-color: white; border: 0px #F0F0F0 solid; padding:0px 4px 0px 4px; white-space: nowrap; background-image: url(tbl_bck10.png)\" class=\"hierarchy\"><img src=\"tbl_spacer.png\" alt=\".\" style=\"background-color: inherit\" class=\"hierarchy\"/><img src=\"tbl_vjoin.png\" alt=\".\" style=\"background-color: inherit\" class=\"hierarchy\"/><img src=\"icon_extension_complex.png\" alt=\".\" style=\"background-color: white; background-color: inherit\" title=\"Complex Extension\" class=\"hierarchy\"/> <span title=\"Extension URL = http://hl7.org/fhir/us/hai/StructureDefinition/occasion-of-hai-detection\">occasion-of-hai-detection</span><a name=\"Condition.extension\"> </a></td><td style=\"vertical-align: top; text-align : left; background-color: white; border: 0px #F0F0F0 solid; padding:0px 4px 0px 4px\" class=\"hierarchy\"/><td style=\"vertical-align: top; text-align : left; background-color: white; border: 0px #F0F0F0 solid; padding:0px 4px 0px 4px\" class=\"hierarchy\">1..1</td><td style=\"vertical-align: top; text-align : left; background-color: white; border: 0px #F0F0F0 solid; padding:0px 4px 0px 4px\" class=\"hierarchy\"><a href=\"http://hl7.org/fhir/STU3/datatypes.html#base64Binary\">base64Binary</a>, <a href=\"http://hl7.org/fhir/STU3/datatypes.html#boolean\">boolean</a>, <a href=\"http://hl7.org/fhir/STU3/datatypes.html#code\">code</a>, <a href=\"http://hl7.org/fhir/STU3/datatypes.html#date\">date</a>, <a href=\"http://hl7.org/fhir/STU3/datatypes.html#dateTime\">dateTime</a>, <a href=\"http://hl7.org/fhir/STU3/datatypes.html#decimal\">decimal</a>, <a href=\"http://hl7.org/fhir/STU3/datatypes.html#id\">id</a>, <a href=\"http://hl7.org/fhir/STU3/datatypes.html#instant\">instant</a>, <a href=\"http://hl7.org/fhir/STU3/datatypes.html#integer\">integer</a>, <a href=\"http://hl7.org/fhir/STU3/datatypes.html#markdown\">markdown</a>, <a href=\"http://hl7.org/fhir/STU3/datatypes.html#oid\">oid</a>, <a href=\"http://hl7.org/fhir/STU3/datatypes.html#positiveInt\">positiveInt</a>, <a href=\"http://hl7.org/fhir/STU3/datatypes.html#string\">string</a>, <a href=\"http://hl7.org/fhir/STU3/datatypes.html#time\">time</a>, <a href=\"http://hl7.org/fhir/STU3/datatypes.html#unsignedInt\">unsignedInt</a>, <a href=\"http://hl7.org/fhir/STU3/datatypes.html#uri\">uri</a>, <a href=\"http://hl7.org/fhir/STU3/datatypes.html#Address\">Address</a>, <a href=\"http://hl7.org/fhir/STU3/datatypes.html#Age\">Age</a>, <a href=\"http://hl7.org/fhir/STU3/datatypes.html#Annotation\">Annotation</a>, <a href=\"http://hl7.org/fhir/STU3/datatypes.html#Attachment\">Attachment</a>, <a href=\"http://hl7.org/fhir/STU3/datatypes.html#CodeableConcept\">CodeableConcept</a>, <a href=\"http://hl7.org/fhir/STU3/datatypes.html#Coding\">Coding</a>, <a href=\"http://hl7.org/fhir/STU3/datatypes.html#ContactPoint\">ContactPoint</a>, <a href=\"http://hl7.org/fhir/STU3/datatypes.html#Count\">Count</a>, <a href=\"http://hl7.org/fhir/STU3/datatypes.html#Distance\">Distance</a>, <a href=\"http://hl7.org/fhir/STU3/datatypes.html#Duration\">Duration</a>, <a href=\"http://hl7.org/fhir/STU3/datatypes.html#HumanName\">HumanName</a>, <a href=\"http://hl7.org/fhir/STU3/datatypes.html#Identifier\">Identifier</a>, <a href=\"http://hl7.org/fhir/STU3/datatypes.html#Money\">Money</a>, <a href=\"http://hl7.org/fhir/STU3/datatypes.html#Period\">Period</a>, <a href=\"http://hl7.org/fhir/STU3/datatypes.html#Quantity\">Quantity</a>, <a href=\"http://hl7.org/fhir/STU3/datatypes.html#Range\">Range</a>, <a href=\"http://hl7.org/fhir/STU3/datatypes.html#Ratio\">Ratio</a>, <a href=\"http://hl7.org/fhir/STU3/references.html\">Reference</a>(), <a href=\"http://hl7.org/fhir/STU3/datatypes.html#SampledData\">SampledData</a>, <a href=\"http://hl7.org/fhir/STU3/datatypes.html#Signature\">Signature</a>, <a href=\"http://hl7.org/fhir/STU3/datatypes.html#Timing\">Timing</a>, <a href=\"http://hl7.org/fhir/STU3/datatypes.html#Meta\">Meta</a></td><td style=\"vertical-align: top; text-align : left; background-color: white; border: 0px #F0F0F0 solid; padding:0px 4px 0px 4px\" class=\"hierarchy\">extension<br/><span style=\"font-weight:bold\">URL: </span><a href=\"http://hl7.org/fhir/STU3/StructureDefinition-occasion-of-hai-detection.html\">http://hl7.org/fhir/us/hai/StructureDefinition/occasion-of-hai-detection</a></td></tr>\r\n<tr style=\"border: 0px #F0F0F0 solid; padding:0px; vertical-align: top; background-color: white;\"><td style=\"vertical-align: top; text-align : left; background-color: white; border: 0px #F0F0F0 solid; padding:0px 4px 0px 4px; white-space: nowrap; background-image: url(tbl_bck00.png)\" class=\"hierarchy\"><img src=\"tbl_spacer.png\" alt=\".\" style=\"background-color: inherit\" class=\"hierarchy\"/><img src=\"tbl_vjoin_end.png\" alt=\".\" style=\"background-color: inherit\" class=\"hierarchy\"/><img src=\"icon_extension_complex.png\" alt=\".\" style=\"background-color: white; background-color: inherit\" title=\"Complex Extension\" class=\"hierarchy\"/> <span title=\"Extension URL = http://hl7.org/fhir/us/hai/StructureDefinition/infection-present-at-time-of-surgery\">infection-present-at-time-of-surgery</span><a name=\"Condition.extension\"> </a></td><td style=\"vertical-align: top; text-align : left; background-color: white; border: 0px #F0F0F0 solid; padding:0px 4px 0px 4px\" class=\"hierarchy\"/><td style=\"vertical-align: top; text-align : left; background-color: white; border: 0px #F0F0F0 solid; padding:0px 4px 0px 4px\" class=\"hierarchy\">1..1</td><td style=\"vertical-align: top; text-align : left; background-color: white; border: 0px #F0F0F0 solid; padding:0px 4px 0px 4px\" class=\"hierarchy\"><a href=\"http://hl7.org/fhir/STU3/datatypes.html#base64Binary\">base64Binary</a>, <a href=\"http://hl7.org/fhir/STU3/datatypes.html#boolean\">boolean</a>, <a href=\"http://hl7.org/fhir/STU3/datatypes.html#code\">code</a>, <a href=\"http://hl7.org/fhir/STU3/datatypes.html#date\">date</a>, <a href=\"http://hl7.org/fhir/STU3/datatypes.html#dateTime\">dateTime</a>, <a href=\"http://hl7.org/fhir/STU3/datatypes.html#decimal\">decimal</a>, <a href=\"http://hl7.org/fhir/STU3/datatypes.html#id\">id</a>, <a href=\"http://hl7.org/fhir/STU3/datatypes.html#instant\">instant</a>, <a href=\"http://hl7.org/fhir/STU3/datatypes.html#integer\">integer</a>, <a href=\"http://hl7.org/fhir/STU3/datatypes.html#markdown\">markdown</a>, <a href=\"http://hl7.org/fhir/STU3/datatypes.html#oid\">oid</a>, <a href=\"http://hl7.org/fhir/STU3/datatypes.html#positiveInt\">positiveInt</a>, <a href=\"http://hl7.org/fhir/STU3/datatypes.html#string\">string</a>, <a href=\"http://hl7.org/fhir/STU3/datatypes.html#time\">time</a>, <a href=\"http://hl7.org/fhir/STU3/datatypes.html#unsignedInt\">unsignedInt</a>, <a href=\"http://hl7.org/fhir/STU3/datatypes.html#uri\">uri</a>, <a href=\"http://hl7.org/fhir/STU3/datatypes.html#Address\">Address</a>, <a href=\"http://hl7.org/fhir/STU3/datatypes.html#Age\">Age</a>, <a href=\"http://hl7.org/fhir/STU3/datatypes.html#Annotation\">Annotation</a>, <a href=\"http://hl7.org/fhir/STU3/datatypes.html#Attachment\">Attachment</a>, <a href=\"http://hl7.org/fhir/STU3/datatypes.html#CodeableConcept\">CodeableConcept</a>, <a href=\"http://hl7.org/fhir/STU3/datatypes.html#Coding\">Coding</a>, <a href=\"http://hl7.org/fhir/STU3/datatypes.html#ContactPoint\">ContactPoint</a>, <a href=\"http://hl7.org/fhir/STU3/datatypes.html#Count\">Count</a>, <a href=\"http://hl7.org/fhir/STU3/datatypes.html#Distance\">Distance</a>, <a href=\"http://hl7.org/fhir/STU3/datatypes.html#Duration\">Duration</a>, <a href=\"http://hl7.org/fhir/STU3/datatypes.html#HumanName\">HumanName</a>, <a href=\"http://hl7.org/fhir/STU3/datatypes.html#Identifier\">Identifier</a>, <a href=\"http://hl7.org/fhir/STU3/datatypes.html#Money\">Money</a>, <a href=\"http://hl7.org/fhir/STU3/datatypes.html#Period\">Period</a>, <a href=\"http://hl7.org/fhir/STU3/datatypes.html#Quantity\">Quantity</a>, <a href=\"http://hl7.org/fhir/STU3/datatypes.html#Range\">Range</a>, <a href=\"http://hl7.org/fhir/STU3/datatypes.html#Ratio\">Ratio</a>, <a href=\"http://hl7.org/fhir/STU3/references.html\">Reference</a>(), <a href=\"http://hl7.org/fhir/STU3/datatypes.html#SampledData\">SampledData</a>, <a href=\"http://hl7.org/fhir/STU3/datatypes.html#Signature\">Signature</a>, <a href=\"http://hl7.org/fhir/STU3/datatypes.html#Timing\">Timing</a>, <a href=\"http://hl7.org/fhir/STU3/datatypes.html#Meta\">Meta</a></td><td style=\"vertical-align: top; text-align : left; background-color: white; border: 0px #F0F0F0 solid; padding:0px 4px 0px 4px\" class=\"hierarchy\">extension<br/><span style=\"font-weight:bold\">URL: </span><a href=\"http://hl7.org/fhir/STU3/StructureDefinition-infection-present-at-time-of-surgery.html\">http://hl7.org/fhir/us/hai/StructureDefinition/infection-present-at-time-of-surgery</a></td></tr>\r\n<tr><td colspan=\"5\" class=\"hierarchy\"><br/><a href=\"http://hl7.org/fhir/STU3/formats.html#table\" title=\"Legend for this format\"><img src=\"http://hl7.org/fhir/STU3/help16.png\" alt=\"doco\" style=\"background-color: inherit\"/> Documentation for this format</a></td></tr></table></div>"},"url":"http://hl7.org/fhir/us/hai/StructureDefinition/infection-condition","name":"Infection Condition","status":"draft","date":"2017-09-25T19:40:25+10:00","publisher":"Lantana Consulting Group","contact":[{"name":"Sarah Gaunt","telecom":[{"system":"phone","value":"+6 141-029-2506","use":"work"},{"system":"email","value":"sarah.gaunt@lantanagroup.com","use":"work"}]}],"description":"This profile records the infection condition being reported.","fhirVersion":"3.1.0","mapping":[{"identity":"argonaut-dq-dstu2","uri":"http://unknown.org/Argonaut DQ DSTU2","name":"Argonaut DQ DSTU2"},{"identity":"sct-concept","uri":"http://snomed.info/conceptdomain","name":"SNOMED CT Concept Domain Binding"},{"identity":"v2","uri":"http://hl7.org/v2","name":"HL7 v2 Mapping"},{"identity":"rim","uri":"http://hl7.org/v3","name":"RIM Mapping"},{"identity":"w5","uri":"http://hl7.org/fhir/w5","name":"W5 Mapping"},{"identity":"sct-attr","uri":"http://snomed.info/sct","name":"SNOMED CT Attribute Binding"}],"kind":"resource","abstract":false,"contextType":"resource","context":["Condition"],"type":"Condition","baseDefinition":"http://hl7.org/fhir/us/core/StructureDefinition/us-core-condition","derivation":"constraint","snapshot":{"element":[{"id":"Condition:uscorevitalsigns","path":"Condition","sliceName":"USCoreVitalSigns","short":"US Core Condition Profile","definition":"The US Core Condition Profile is based upon the core FHIR Condition Resource and created to meet the 2015 Edition Common Clinical Data Set 'Problems' and 'Health Concerns' requirements.","min":0,"max":"*","base":{"path":"Condition","min":0,"max":"*"},"constraint":[{"key":"dom-2","severity":"error","human":"If the resource is contained in another resource, it SHALL NOT contain nested Resources","expression":"contained.contained.empty()","xpath":"not(parent::f:contained and f:contained)","source":"DomainResource"},{"key":"dom-1","severity":"error","human":"If the resource is contained in another resource, it SHALL NOT contain any narrative","expression":"contained.text.empty()","xpath":"not(parent::f:contained and f:text)","source":"DomainResource"},{"key":"dom-4","severity":"error","human":"If a resource is contained in another resource, it SHALL NOT have a meta.versionId or a meta.lastUpdated","expression":"contained.meta.versionId.empty() and contained.meta.lastUpdated.empty()","xpath":"not(exists(f:contained/*/f:meta/f:versionId)) and not(exists(f:contained/*/f:meta/f:lastUpdated))","source":"DomainResource"},{"key":"dom-3","severity":"error","human":"If the resource is contained in another resource, it SHALL be referred to from elsewhere in the resource","expression":"contained.where(('#'+id in %resource.descendants().reference).not()).empty()","xpath":"not(exists(for $id in f:contained/*/@id return $id[not(ancestor::f:contained/parent::*/descendant::f:reference/@value=concat('#', $id))]))","source":"DomainResource"},{"key":"con-4","severity":"error","human":"If condition is abated, then clinicalStatus must be either inactive, resolved, or remission","expression":"abatement.empty() or (abatement as boolean).not()  or clinicalStatus='resolved' or clinicalStatus='remission' or clinicalStatus='inactive'","xpath":"not(f:abatementBoolean='true' or (not(exists(f:abatementBoolean)) and exists(*[starts-with(local-name(.), 'abatement')])) or f:clinicalStatus/@value=('resolved', 'remission', 'inactive'))","source":"Condition"},{"key":"con-3","severity":"error","human":"Condition.clinicalStatus SHALL be present if verificationStatus is not entered-in-error","expression":"verificationStatus='entered-in-error' or clinicalStatus.exists()","xpath":"f:verificationStatus/@value='entered-in-error' or exists(f:clinicalStatus)","source":"Condition"},{"extension":[{"url":"http://hl7.org/fhir/StructureDefinition/elementdefinition-bestpractice","valueBoolean":true}],"key":"us-core-1","severity":"warning","human":"A code in Condition.category SHOULD be from US Core Condition Category Codes value set.","expression":"where(category in 'http://hl7.org/fhir/us/core/ValueSet/us-core-condition-category').exists()","xpath":"(no xpath equivalent)","source":"Condition:uscorevitalsigns"}],"mustSupport":false,"mapping":[{"identity":"rim","map":"Entity. Role, or Act"},{"identity":"sct-concept","map":"< 243796009 |Situation with explicit context|:\n246090004 |Associated finding| =\n((< 404684003 |Clinical finding| MINUS\n<< 420134006 |Propensity to adverse reactions| MINUS \n<< 473010000 |Hypersensitivity condition| MINUS \n<< 79899007 |Drug interaction| MINUS\n<< 69449002 |Drug action| MINUS \n<< 441742003 |Evaluation finding| MINUS \n<< 307824009 |Administrative status| MINUS \n<< 385356007 |Tumor stage finding|) OR\n< 272379006 |Event|)"},{"identity":"v2","map":"PPR message"},{"identity":"rim","map":"Observation[classCode=OBS, moodCode=EVN, code=ASSERTION, value<Diagnosis]"},{"identity":"w5","map":"clinical.general"},{"identity":"argonaut-dq-dstu2","map":"Condition"}]},{"id":"Condition:uscorevitalsigns.id","path":"Condition.id","short":"Logical id of this artifact","definition":"The logical id of the resource, as used in the URL for the resource. Once assigned, this value never changes.","comment":"The only time that a resource does not have an id is when it is being submitted to the server using a create operation.","min":0,"max":"1","base":{"path":"Resource.id","min":0,"max":"1"},"type":[{"code":"id"}],"isSummary":true},{"id":"Condition:uscorevitalsigns.meta","path":"Condition.meta","short":"Metadata about the resource","definition":"The metadata about the resource. This is content that is maintained by the infrastructure. Changes to the content may not always be associated with version changes to the resource.","min":0,"max":"1","base":{"path":"Resource.meta","min":0,"max":"1"},"type":[{"code":"Meta"}],"isSummary":true},{"id":"Condition:uscorevitalsigns.implicitRules","path":"Condition.implicitRules","short":"A set of rules under which this content was created","definition":"A reference to a set of rules that were followed when the resource was constructed, and which must be understood when processing the content.","comment":"Asserting this rule set restricts the content to be only understood by a limited set of trading partners. This inherently limits the usefulness of the data in the long term. However, the existing health eco-system is highly fractured, and not yet ready to define, collect, and exchange data in a generally computable sense. Wherever possible, implementers and/or specification writers should avoid using this element. \n\nThis element is labelled as a modifier because the implicit rules may provide additional knowledge about the resource that modifies it's meaning or interpretation.","min":0,"max":"1","base":{"path":"Resource.implicitRules","min":0,"max":"1"},"type":[{"code":"uri"}],"isModifier":true,"isSummary":true},{"id":"Condition:uscorevitalsigns.language","path":"Condition.language","short":"Language of the resource content","definition":"The base language in which the resource is written.","comment":"Language is provided to support indexing and accessibility (typically, services such as text to speech use the language tag). The html language tag in the narrative applies  to the narrative. The language tag on the resource may be used to specify the language of other presentations generated from the data in the resource  Not all the content has to be in the base language. The Resource.language should not be assumed to apply to the narrative automatically. If a language is specified, it should it also be specified on the div element in the html (see rules in HTML5 for information about the relationship between xml:lang and the html lang attribute).","min":0,"max":"1","base":{"path":"Resource.language","min":0,"max":"1"},"type":[{"code":"code"}],"binding":{"extension":[{"url":"http://hl7.org/fhir/StructureDefinition/elementdefinition-maxValueSet","valueReference":{"reference":"http://hl7.org/fhir/ValueSet/all-languages"}},{"url":"http://hl7.org/fhir/StructureDefinition/elementdefinition-bindingName","valueString":"Language"},{"url":"http://hl7.org/fhir/StructureDefinition/elementdefinition-isCommonBinding","valueBoolean":true}],"strength":"extensible","description":"A human language.","valueSetReference":{"reference":"http://hl7.org/fhir/ValueSet/languages"}}},{"id":"Condition:uscorevitalsigns.text","path":"Condition.text","short":"Text summary of the resource, for human interpretation","definition":"A human-readable narrative that contains a summary of the resource, and may be used to represent the content of the resource to a human. The narrative need not encode all the structured data, but is required to contain sufficient detail to make it \"clinically safe\" for a human to just read the narrative. Resource definitions may define what content should be represented in the narrative to ensure clinical safety.","comment":"Contained resources do not have narrative. Resources that are not contained SHOULD have a narrative. In some cases, a resource may only have text with little or no additional discrete data (as long as all minOccurs=1 elements are satisfied).  This may be necessary for data from legacy systems where information is captured as a \"text blob\" or where text is additionally entered raw or narrated and encoded in formation is added later.","alias":["narrative","html","xhtml","display"],"min":0,"max":"1","base":{"path":"DomainResource.text","min":0,"max":"1"},"type":[{"code":"Narrative"}],"condition":["dom-1"],"mapping":[{"identity":"rim","map":"Act.text?"}]},{"id":"Condition:uscorevitalsigns.contained","path":"Condition.contained","short":"Contained, inline Resources","definition":"These resources do not have an independent existence apart from the resource that contains them - they cannot be identified independently, and nor can they have their own independent transaction scope.","comment":"This should never be done when the content can be identified properly, as once identification is lost, it is extremely difficult (and context dependent) to restore it again.","alias":["inline resources","anonymous resources","contained resources"],"min":0,"max":"*","base":{"path":"DomainResource.contained","min":0,"max":"*"},"type":[{"code":"Resource"}],"mapping":[{"identity":"rim","map":"N/A"}]},{"id":"Condition:uscorevitalsigns.extension","path":"Condition.extension","slicing":{"discriminator":[{"type":"value","path":"url"}],"rules":"open"},"short":"Extension","definition":"SHALL contain exactly one [1..1] infection-present-at-time-of-surgery (identifier: http://hl7.org/fhir/us/hai/StructureDefinition/infection-present-at-time-of-surgery) (CONF:3347-172).","min":0,"max":"*","base":{"path":"DomainResource.extension","min":0,"max":"*"},"type":[{"code":"Extension"}]},{"id":"Condition:uscorevitalsigns.extension:extension1","path":"Condition.extension","sliceName":"extension1","short":"extension","definition":"MAY contain zero or one [0..1] infection-contributed-to-death (identifier: http://hl7.org/fhir/us/hai/StructureDefinition/infection-contributed-to-death) (CONF:3347-164).","min":0,"max":"1","base":{"path":"DomainResource.extension","min":0,"max":"*"},"type":[{"code":"Extension","profile":"http://hl7.org/fhir/us/hai/StructureDefinition/infection-contributed-to-death"}],"condition":["ele-1"],"constraint":[{"key":"ele-1","severity":"error","human":"All FHIR elements must have a @value or children","expression":"hasValue() | (children().count() > id.count())","xpath":"@value|f:*|h:div","source":"Element"},{"key":"ext-1","severity":"error","human":"Must have either extensions or value[x], not both","expression":"extension.exists() != value.exists()","xpath":"exists(f:extension)!=exists(f:*[starts-with(local-name(.), 'value')])","source":"Extension"}]},{"id":"Condition:uscorevitalsigns.extension:extension2","path":"Condition.extension","sliceName":"extension2","short":"extension","definition":"SHALL contain exactly one [1..1] occasion-of-hai-detection (identifier: http://hl7.org/fhir/us/hai/StructureDefinition/occasion-of-hai-detection) (CONF:3347-168).","min":1,"max":"1","base":{"path":"DomainResource.extension","min":0,"max":"*"},"type":[{"code":"Extension","profile":"http://hl7.org/fhir/us/hai/StructureDefinition/occasion-of-hai-detection"}],"condition":["ele-1"],"constraint":[{"key":"ele-1","severity":"error","human":"All FHIR elements must have a @value or children","expression":"hasValue() | (children().count() > id.count())","xpath":"@value|f:*|h:div","source":"Element"},{"key":"ext-1","severity":"error","human":"Must have either extensions or value[x], not both","expression":"extension.exists() != value.exists()","xpath":"exists(f:extension)!=exists(f:*[starts-with(local-name(.), 'value')])","source":"Extension"}]},{"id":"Condition:uscorevitalsigns.extension:extension3","path":"Condition.extension","sliceName":"extension3","short":"extension","definition":"SHALL contain exactly one [1..1] infection-present-at-time-of-surgery (identifier: http://hl7.org/fhir/us/hai/StructureDefinition/infection-present-at-time-of-surgery) (CONF:3347-172).","min":1,"max":"1","base":{"path":"DomainResource.extension","min":0,"max":"*"},"type":[{"code":"Extension","profile":"http://hl7.org/fhir/us/hai/StructureDefinition/infection-present-at-time-of-surgery"}],"condition":["ele-1"],"constraint":[{"key":"ele-1","severity":"error","human":"All FHIR elements must have a @value or children","expression":"hasValue() | (children().count() > id.count())","xpath":"@value|f:*|h:div","source":"Element"},{"key":"ext-1","severity":"error","human":"Must have either extensions or value[x], not both","expression":"extension.exists() != value.exists()","xpath":"exists(f:extension)!=exists(f:*[starts-with(local-name(.), 'value')])","source":"Extension"}]},{"id":"Condition:uscorevitalsigns.modifierExtension","path":"Condition.modifierExtension","short":"Extensions that cannot be ignored","definition":"May be used to represent additional information that is not part of the basic definition of the resource, and that modifies the understanding of the element that contains it. Usually modifier elements provide negation or qualification. In order to make the use of extensions safe and manageable, there is a strict set of governance applied to the definition and use of extensions. Though any implementer is allowed to define an extension, there is a set of requirements that SHALL be met as part of the definition of the extension. Applications processing a resource are required to check for modifier extensions.","comment":"There can be no stigma associated with the use of extensions by any application, project, or standard - regardless of the institution or jurisdiction that uses or defines the extensions.  The use of extensions is what allows the FHIR specification to retain a core level of simplicity for everyone.","alias":["extensions","user content"],"min":0,"max":"*","base":{"path":"DomainResource.modifierExtension","min":0,"max":"*"},"type":[{"code":"Extension"}],"isModifier":true,"mapping":[{"identity":"rim","map":"N/A"}]},{"id":"Condition:uscorevitalsigns.identifier","path":"Condition.identifier","short":"External Ids for this condition","definition":"This records identifiers associated with this condition that are defined by business processes and/or used to refer to it when a direct URL reference to the resource itself is not appropriate (e.g. in CDA documents, or in written / printed documentation).","requirements":"Need to allow connection to a wider workflow.","min":0,"max":"*","base":{"path":"Condition.identifier","min":0,"max":"*"},"type":[{"code":"Identifier"}],"isSummary":true,"mapping":[{"identity":"rim","map":".id"},{"identity":"w5","map":"id"}]},{"id":"Condition:uscorevitalsigns.clinicalStatus","path":"Condition.clinicalStatus","short":"active | recurrence | inactive | remission | resolved","definition":"The clinical status of the condition.","comment":"This element is labeled as a modifier because the status contains codes that mark the condition as not currently valid or of concern.","min":0,"max":"1","base":{"path":"Condition.clinicalStatus","min":0,"max":"1"},"type":[{"code":"code"}],"condition":["con-3","con-4"],"mustSupport":true,"isModifier":true,"isSummary":true,"binding":{"strength":"required","valueSetReference":{"reference":"http://hl7.org/fhir/ValueSet/condition-clinical"}},"mapping":[{"identity":"sct-concept","map":"< 303105007 |Disease phases|"},{"identity":"v2","map":"PRB-14 / DG1-6"},{"identity":"rim","map":"Observation ACT\n.inboundRelationship[typeCode=COMP].source[classCode=OBS, code=\"clinicalStatus\", moodCode=EVN].value"},{"identity":"w5","map":"status"},{"identity":"argonaut-dq-dstu2","map":"Condition.clinicalStatus"}]},{"id":"Condition:uscorevitalsigns.verificationStatus","path":"Condition.verificationStatus","short":"verificationStatus","definition":"SHALL contain exactly one [1..1] verificationStatus=\"confirmed\" (CodeSystem: ConditionVerificationStatus http://hl7.org/fhir/condition-ver-status) (CONF:3347-175).","comment":"verificationStatus is not required.  For example, when a patient has abdominal pain in the ED, there is not likely going to be a verification status.\n\nThis element is labeled as a modifier because the status contains the code refuted and entered-in-error that mark the Condition as not currently valid.","min":1,"max":"1","base":{"path":"Condition.verificationStatus","min":0,"max":"1"},"type":[{"code":"code"}],"defaultValueCode":"unknown","patternString":"confirmed","condition":["con-3"],"mustSupport":true,"isModifier":true,"isSummary":true,"binding":{"strength":"required","valueSetReference":{"reference":"http://hl7.org/fhir/ValueSet/condition-ver-status"}},"mapping":[{"identity":"sct-concept","map":"< 410514004 |Finding context value|"},{"identity":"v2","map":"PRB-13"},{"identity":"rim","map":"Observation ACT\n.inboundRelationship[typeCode=COMP].source[classCode=OBS, code=\"verificationStatus\", moodCode=EVN].value"},{"identity":"sct-attr","map":"408729009"},{"identity":"w5","map":"status"},{"identity":"argonaut-dq-dstu2","map":"Condition.verificationStatus"}]},{"id":"Condition:uscorevitalsigns.category","path":"Condition.category","label":"Infection/Event Type","short":"Infection/Event Type","definition":"SHALL contain exactly one [1..1] category, which SHALL be selected from ValueSet NHSNInfectionTypeCode http://hl7.org/fhir/us/hai/ValueSet/nhsn-infection-type-code (CONF:3347-143).","comment":"The categorization is often highly contextual and may appear poorly differentiated or not very useful in other contexts.","min":1,"max":"1","base":{"path":"Condition.category","min":0,"max":"*"},"type":[{"code":"CodeableConcept"}],"mustSupport":true,"binding":{"strength":"required","valueSetReference":{"reference":"http://hl7.org/fhir/us/hai/ValueSet/nhsn-infection-type-code","display":"NHSNInfectionTypeCode"}},"mapping":[{"identity":"sct-concept","map":"< 404684003 |Clinical finding|"},{"identity":"v2","map":"'problem' if from PRB-3. 'diagnosis' if from DG1 segment in PV1 message"},{"identity":"rim","map":".code"},{"identity":"w5","map":"class"},{"identity":"argonaut-dq-dstu2","map":"Condition.category"}]},{"id":"Condition:uscorevitalsigns.severity","path":"Condition.severity","short":"Subjective severity of condition","definition":"A subjective assessment of the severity of the condition as evaluated by the clinician.","comment":"Coding of the severity with a terminology is preferred, where possible.","min":0,"max":"1","base":{"path":"Condition.severity","min":0,"max":"1"},"type":[{"code":"CodeableConcept"}],"binding":{"extension":[{"url":"http://hl7.org/fhir/StructureDefinition/elementdefinition-bindingName","valueString":"ConditionSeverity"}],"strength":"preferred","description":"A subjective assessment of the severity of the condition as evaluated by the clinician.","valueSetReference":{"reference":"http://hl7.org/fhir/ValueSet/condition-severity"}},"mapping":[{"identity":"sct-concept","map":"< 272141005 |Severities|"},{"identity":"v2","map":"PRB-26 / ABS-3"},{"identity":"rim","map":"Can be pre/post-coordinated into value.  Or ./inboundRelationship[typeCode=SUBJ].source[classCode=OBS, moodCode=EVN, code=\"severity\"].value"},{"identity":"sct-attr","map":"246112005"},{"identity":"w5","map":"grade"}]},{"id":"Condition:uscorevitalsigns.code","path":"Condition.code","label":"Infection Condition/Event Details","short":"Infection Condition/Event Details","definition":"MAY contain exactly one [1..1] code (ValueSet: NHSNInfectionConditionCode http://hl7.org/fhir/us/hai/ValueSet/nhsn-infection-condition-code) (CONF:3347-144).","requirements":"0..1 to account for primarily narrative only resources.","alias":["type"],"min":1,"max":"1","base":{"path":"Condition.code","min":0,"max":"1"},"type":[{"code":"CodeableConcept"}],"mustSupport":true,"isSummary":true,"binding":{"strength":"example","valueSetReference":{"reference":"http://hl7.org/fhir/us/hai/ValueSet/nhsn-infection-condition-code","display":"NHSNInfectionConditionCode"}},"mapping":[{"identity":"sct-concept","map":"code 246090004 |Associated finding| (< 404684003 |Clinical finding| MINUS\n<< 420134006 |Propensity to adverse reactions| MINUS \n<< 473010000 |Hypersensitivity condition| MINUS \n<< 79899007 |Drug interaction| MINUS\n<< 69449002 |Drug action| MINUS \n<< 441742003 |Evaluation finding| MINUS \n<< 307824009 |Administrative status| MINUS \n<< 385356007 |Tumor stage finding|) \nOR < 413350009 |Finding with explicit context|\nOR < 272379006 |Event|"},{"identity":"v2","map":"PRB-3"},{"identity":"rim","map":".value"},{"identity":"sct-attr","map":"246090004"},{"identity":"w5","map":"what"},{"identity":"argonaut-dq-dstu2","map":"Condition.code"}]},{"id":"Condition:uscorevitalsigns.bodySite","path":"Condition.bodySite","short":"Anatomical location, if relevant","definition":"The anatomical location where this condition manifests itself.","comment":"Only used if not implicit in code found in Condition.code. If the use case requires attributes from the BodySite resource (e.g. to identify and track separately) then use the standard extension [body-site-instance](extension-body-site-instance.html).  May be a summary code, or a reference to a very precise definition of the location, or both.","min":0,"max":"*","base":{"path":"Condition.bodySite","min":0,"max":"*"},"type":[{"code":"CodeableConcept"}],"isSummary":true,"binding":{"extension":[{"url":"http://hl7.org/fhir/StructureDefinition/elementdefinition-bindingName","valueString":"BodySite"}],"strength":"example","description":"Codes describing anatomical locations. May include laterality.","valueSetReference":{"reference":"http://hl7.org/fhir/ValueSet/body-site"}},"mapping":[{"identity":"sct-concept","map":"< 442083009  |Anatomical or acquired body structure|"},{"identity":"rim","map":".targetBodySiteCode"},{"identity":"sct-attr","map":"363698007"}]},{"id":"Condition:uscorevitalsigns.subject","path":"Condition.subject","short":"subject","definition":"SHALL contain exactly one [1..1] HAI Patient (identifier: http://hl7.org/fhir/us/hai/StructureDefinition/hai-patient) (CONF:3347-145).","requirements":"Group is typically used for veterinary or public health use cases.","alias":["patient"],"min":1,"max":"1","base":{"path":"Condition.subject","min":1,"max":"1"},"type":[{"code":"Reference","targetProfile":"http://hl7.org/fhir/us/hai/StructureDefinition/hai-patient"}],"mustSupport":true,"isSummary":true,"mapping":[{"identity":"v2","map":"PID-3"},{"identity":"rim","map":".participation[typeCode=SBJ].role[classCode=PAT]"},{"identity":"w5","map":"who.focus"},{"identity":"argonaut-dq-dstu2","map":"Condition.patient"}]},{"id":"Condition:uscorevitalsigns.context","path":"Condition.context","short":"Encounter or episode when condition first asserted","definition":"Encounter during which the condition was first asserted.","comment":"This record indicates the encounter this particular record is associated with.  In the case of a \"new\" diagnosis reflecting ongoing/revised information about the condition, this might be distinct from the first encounter in which the underlying condition was first \"known\".","alias":["encounter"],"min":0,"max":"1","base":{"path":"Condition.context","min":0,"max":"1"},"type":[{"code":"Reference","targetProfile":"http://hl7.org/fhir/StructureDefinition/Encounter"},{"code":"Reference","targetProfile":"http://hl7.org/fhir/StructureDefinition/EpisodeOfCare"}],"isSummary":true,"mapping":[{"identity":"v2","map":"PV1-19 (+PV1-54)"},{"identity":"rim","map":".inboundRelationship[typeCode=COMP].source[classCode=ENC, moodCode=EVN]"},{"identity":"w5","map":"context"}]},{"id":"Condition:uscorevitalsigns.onset[x]","path":"Condition.onset[x]","slicing":{"discriminator":[{"type":"value","path":"@type"}],"rules":"open"},"short":"onset[x]","definition":"MAY contain zero or one [0..1] onset[x], where onset[x] is (CONF:3347-159)","comment":"Age is generally used when the patient reports an age at which the Condition began to occur.","min":0,"max":"1","base":{"path":"Condition.onset[x]","min":0,"max":"1"},"type":[{"code":"dateTime"},{"code":"Age"},{"code":"Period"},{"code":"Range"},{"code":"string"}],"isSummary":true,"mapping":[{"identity":"v2","map":"PRB-16"},{"identity":"rim","map":".effectiveTime.low or .inboundRelationship[typeCode=SUBJ].source[classCode=OBS, moodCode=EVN, code=\"age at onset\"].value"},{"identity":"w5","map":"when.init"}]},{"id":"Condition:uscorevitalsigns.onset[x]","path":"Condition.onset[x]","short":"onsetDateTime","definition":"onsetDateTime (CONF:3347-160)","comment":"Age is generally used when the patient reports an age at which the Condition began to occur.","min":0,"max":"1","base":{"path":"Condition.onset[x]","min":0,"max":"1"},"type":[{"code":"dateTime"},{"code":"Age"},{"code":"Period"},{"code":"Range"},{"code":"string"}],"isSummary":true,"mapping":[{"identity":"v2","map":"PRB-16"},{"identity":"rim","map":".effectiveTime.low or .inboundRelationship[typeCode=SUBJ].source[classCode=OBS, moodCode=EVN, code=\"age at onset\"].value"},{"identity":"w5","map":"when.init"}]},{"id":"Condition:uscorevitalsigns.abatement[x]","path":"Condition.abatement[x]","short":"If/when in resolution/remission","definition":"The date or estimated date that the condition resolved or went into remission. This is called \"abatement\" because of the many overloaded connotations associated with \"remission\" or \"resolution\" - Conditions are never really resolved, but they can abate.","comment":"There is no explicit distinction between resolution and remission because in many cases the distinction is not clear. Age is generally used when the patient reports an age at which the Condition abated.  If there is no abatement element, it is unknown whether the condition has resolved or entered remission; applications and users should generally assume that the condition is still valid.  When abatementString exists, it implies the condition is abated.","min":0,"max":"1","base":{"path":"Condition.abatement[x]","min":0,"max":"1"},"type":[{"code":"dateTime"},{"code":"Age"},{"code":"boolean"},{"code":"Period"},{"code":"Range"},{"code":"string"}],"condition":["con-4"],"mapping":[{"identity":"rim","map":".effectiveTime.high or .inboundRelationship[typeCode=SUBJ].source[classCode=OBS, moodCode=EVN, code=\"age at remission\"].value or .inboundRelationship[typeCode=SUBJ]source[classCode=CONC, moodCode=EVN].status=completed"},{"identity":"w5","map":"when.done"}]},{"id":"Condition:uscorevitalsigns.assertedDate","path":"Condition.assertedDate","short":"Date record was believed accurate","definition":"The date on which the existance of the Condition was first asserted or acknowledged.","comment":"The assertedDate represents the date when this particular Condition record was created in the EHR, not the date of the most recent update in terms of when severity, abatement, etc. were specified.  The date of the last record modification can be retrieved from the resource metadata.","min":0,"max":"1","base":{"path":"Condition.assertedDate","min":0,"max":"1"},"type":[{"code":"dateTime"}],"isSummary":true,"mapping":[{"identity":"v2","map":"REL-11"},{"identity":"rim","map":".participation[typeCode=AUT].time"},{"identity":"w5","map":"when.recorded"}]},{"id":"Condition:uscorevitalsigns.asserter","path":"Condition.asserter","short":"Person who asserts this condition","definition":"Individual who is making the condition statement.","min":0,"max":"1","base":{"path":"Condition.asserter","min":0,"max":"1"},"type":[{"code":"Reference","targetProfile":"http://hl7.org/fhir/StructureDefinition/Practitioner"},{"code":"Reference","targetProfile":"http://hl7.org/fhir/StructureDefinition/Patient"},{"code":"Reference","targetProfile":"http://hl7.org/fhir/StructureDefinition/RelatedPerson"}],"isSummary":true,"mapping":[{"identity":"v2","map":"REL-7.1 identifier + REL-7.12 type code"},{"identity":"rim","map":".participation[typeCode=AUT].role"},{"identity":"w5","map":"who.author"}]},{"id":"Condition:uscorevitalsigns.stage","path":"Condition.stage","short":"Stage/grade, usually assessed formally","definition":"Clinical stage or grade of a condition. May include formal severity assessments.","min":0,"max":"1","base":{"path":"Condition.stage","min":0,"max":"1"},"type":[{"code":"BackboneElement"}],"constraint":[{"key":"ele-1","severity":"error","human":"All FHIR elements must have a @value or children","expression":"children().count() > id.count()","xpath":"@value|f:*|h:div","source":"Element"},{"key":"con-1","severity":"error","human":"Stage SHALL have summary or assessment","expression":"summary.exists() or assessment.exists()","xpath":"exists(f:summary) or exists(f:assessment)"}],"mapping":[{"identity":"rim","map":"./inboundRelationship[typeCode=SUBJ].source[classCode=OBS, moodCode=EVN, code=\"stage/grade\"]"}]},{"id":"Condition:uscorevitalsigns.stage.id","path":"Condition.stage.id","representation":["xmlAttr"],"short":"xml:id (or equivalent in JSON)","definition":"unique id for the element within a resource (for internal references). This may be any string value that does not contain spaces.","min":0,"max":"1","base":{"path":"Element.id","min":0,"max":"1"},"type":[{"code":"string"}],"mapping":[{"identity":"rim","map":"n/a"}]},{"id":"Condition:uscorevitalsigns.stage.extension","path":"Condition.stage.extension","short":"Additional Content defined by implementations","definition":"May be used to represent additional information that is not part of the basic definition of the element. In order to make the use of extensions safe and manageable, there is a strict set of governance  applied to the definition and use of extensions. Though any implementer is allowed to define an extension, there is a set of requirements that SHALL be met as part of the definition of the extension.","comment":"There can be no stigma associated with the use of extensions by any application, project, or standard - regardless of the institution or jurisdiction that uses or defines the extensions.  The use of extensions is what allows the FHIR specification to retain a core level of simplicity for everyone.","alias":["extensions","user content"],"min":0,"max":"*","base":{"path":"Element.extension","min":0,"max":"*"},"type":[{"code":"Extension"}],"mapping":[{"identity":"rim","map":"n/a"}]},{"id":"Condition:uscorevitalsigns.stage.modifierExtension","path":"Condition.stage.modifierExtension","short":"Extensions that cannot be ignored","definition":"May be used to represent additional information that is not part of the basic definition of the element, and that modifies the understanding of the element that contains it. Usually modifier elements provide negation or qualification. In order to make the use of extensions safe and manageable, there is a strict set of governance applied to the definition and use of extensions. Though any implementer is allowed to define an extension, there is a set of requirements that SHALL be met as part of the definition of the extension. Applications processing a resource are required to check for modifier extensions.","comment":"There can be no stigma associated with the use of extensions by any application, project, or standard - regardless of the institution or jurisdiction that uses or defines the extensions.  The use of extensions is what allows the FHIR specification to retain a core level of simplicity for everyone.","alias":["extensions","user content","modifiers"],"min":0,"max":"*","base":{"path":"BackboneElement.modifierExtension","min":0,"max":"*"},"type":[{"code":"Extension"}],"isModifier":true,"isSummary":true,"mapping":[{"identity":"rim","map":"N/A"}]},{"id":"Condition:uscorevitalsigns.stage.summary","path":"Condition.stage.summary","short":"Simple summary (disease specific)","definition":"A simple summary of the stage such as \"Stage 3\". The determination of the stage is disease-specific.","min":0,"max":"1","base":{"path":"Condition.stage.summary","min":0,"max":"1"},"type":[{"code":"CodeableConcept"}],"condition":["con-1"],"binding":{"extension":[{"url":"http://hl7.org/fhir/StructureDefinition/elementdefinition-bindingName","valueString":"ConditionStage"}],"strength":"example","description":"Codes describing condition stages (e.g. Cancer stages).","valueSetReference":{"reference":"http://hl7.org/fhir/ValueSet/condition-stage"}},"mapping":[{"identity":"sct-concept","map":"< 254291000 |Staging and scales|"},{"identity":"v2","map":"PRB-14"},{"identity":"rim","map":".value"}]},{"id":"Condition:uscorevitalsigns.stage.assessment","path":"Condition.stage.assessment","short":"Formal record of assessment","definition":"Reference to a formal record of the evidence on which the staging assessment is based.","min":0,"max":"*","base":{"path":"Condition.stage.assessment","min":0,"max":"*"},"type":[{"code":"Reference","targetProfile":"http://hl7.org/fhir/StructureDefinition/ClinicalImpression"},{"code":"Reference","targetProfile":"http://hl7.org/fhir/StructureDefinition/DiagnosticReport"},{"code":"Reference","targetProfile":"http://hl7.org/fhir/StructureDefinition/Observation"}],"condition":["con-1"],"mapping":[{"identity":"rim","map":".self"}]},{"id":"Condition:uscorevitalsigns.evidence","path":"Condition.evidence","label":"Criteria of Diagnosis","short":"Criteria of Diagnosis","definition":"SHALL contain at least one [1..*] evidence (CONF:3347-148).","comment":"The evidence may be a simple list of coded symptoms/manifestations, or references to observations or formal assessments, or both.","min":1,"max":"*","base":{"path":"Condition.evidence","min":0,"max":"*"},"type":[{"code":"BackboneElement"}],"constraint":[{"key":"ele-1","severity":"error","human":"All FHIR elements must have a @value or children","expression":"children().count() > id.count()","xpath":"@value|f:*|h:div","source":"Element"},{"key":"con-2","severity":"error","human":"evidence SHALL have code or details","expression":"code.exists() or detail.exists()","xpath":"exists(f:code) or exists(f:detail)","source":"Condition:uscorevitalsigns.evidence"}],"mapping":[{"identity":"rim","map":".outboundRelationship[typeCode=SPRT].target[classCode=OBS, moodCode=EVN]"}]},{"id":"Condition:uscorevitalsigns.evidence.id","path":"Condition.evidence.id","representation":["xmlAttr"],"short":"xml:id (or equivalent in JSON)","definition":"unique id for the element within a resource (for internal references). This may be any string value that does not contain spaces.","min":0,"max":"1","base":{"path":"Element.id","min":0,"max":"1"},"type":[{"code":"string"}],"mapping":[{"identity":"rim","map":"n/a"}]},{"id":"Condition:uscorevitalsigns.evidence.extension","path":"Condition.evidence.extension","short":"Additional Content defined by implementations","definition":"May be used to represent additional information that is not part of the basic definition of the element. In order to make the use of extensions safe and manageable, there is a strict set of governance  applied to the definition and use of extensions. Though any implementer is allowed to define an extension, there is a set of requirements that SHALL be met as part of the definition of the extension.","comment":"There can be no stigma associated with the use of extensions by any application, project, or standard - regardless of the institution or jurisdiction that uses or defines the extensions.  The use of extensions is what allows the FHIR specification to retain a core level of simplicity for everyone.","alias":["extensions","user content"],"min":0,"max":"*","base":{"path":"Element.extension","min":0,"max":"*"},"type":[{"code":"Extension"}],"mapping":[{"identity":"rim","map":"n/a"}]},{"id":"Condition:uscorevitalsigns.evidence.modifierExtension","path":"Condition.evidence.modifierExtension","short":"Extensions that cannot be ignored","definition":"May be used to represent additional information that is not part of the basic definition of the element, and that modifies the understanding of the element that contains it. Usually modifier elements provide negation or qualification. In order to make the use of extensions safe and manageable, there is a strict set of governance applied to the definition and use of extensions. Though any implementer is allowed to define an extension, there is a set of requirements that SHALL be met as part of the definition of the extension. Applications processing a resource are required to check for modifier extensions.","comment":"There can be no stigma associated with the use of extensions by any application, project, or standard - regardless of the institution or jurisdiction that uses or defines the extensions.  The use of extensions is what allows the FHIR specification to retain a core level of simplicity for everyone.","alias":["extensions","user content","modifiers"],"min":0,"max":"*","base":{"path":"BackboneElement.modifierExtension","min":0,"max":"*"},"type":[{"code":"Extension"}],"isModifier":true,"isSummary":true,"mapping":[{"identity":"rim","map":"N/A"}]},{"id":"Condition:uscorevitalsigns.evidence.code","path":"Condition.evidence.code","label":"Criterion of Diagnosis","short":"Criterion of Diagnosis","definition":"Such evidences SHALL contain exactly one [1..1] code, which SHALL be selected from ValueSet NHSNCriterionOfDiagnosisCode http://hl7.org/fhir/us/hai/ValueSet/nhsn-criterion-of-diagnosis-code (CONF:3347-149).","min":1,"max":"1","base":{"path":"Condition.evidence.code","min":0,"max":"*"},"type":[{"code":"CodeableConcept"}],"condition":["con-2"],"isSummary":true,"binding":{"strength":"required","valueSetReference":{"reference":"http://hl7.org/fhir/us/hai/ValueSet/nhsn-criterion-of-diagnosis-code","display":"NHSNCriterionOfDiagnosisCode"}},"mapping":[{"identity":"sct-concept","map":"< 404684003 |Clinical finding|"},{"identity":"rim","map":"[code=\"diagnosis\"].value"},{"identity":"w5","map":"why"}]},{"id":"Condition:uscorevitalsigns.evidence.detail","path":"Condition.evidence.detail","short":"Supporting information found elsewhere","definition":"Links to other relevant information, including pathology reports.","min":0,"max":"*","base":{"path":"Condition.evidence.detail","min":0,"max":"*"},"type":[{"code":"Reference","targetProfile":"http://hl7.org/fhir/StructureDefinition/Resource"}],"condition":["con-2"],"isSummary":true,"mapping":[{"identity":"rim","map":".self"},{"identity":"w5","map":"why"}]},{"id":"Condition:uscorevitalsigns.note","path":"Condition.note","short":"Additional information about the Condition","definition":"Additional information about the Condition. This is a general notes/comments entry  for description of the Condition, its diagnosis and prognosis.","min":0,"max":"*","base":{"path":"Condition.note","min":0,"max":"*"},"type":[{"code":"Annotation"}],"mapping":[{"identity":"v2","map":"NTE child of PRB"},{"identity":"rim","map":".inboundRelationship[typeCode=SUBJ].source[classCode=OBS, moodCode=EVN, code=\"annotation\"].value"}]}]},"differential":{"element":[{"id":"Condition","path":"Condition"},{"id":"Condition.extension","path":"Condition.extension","slicing":{"discriminator":[{"type":"value","path":"url"}],"rules":"open"},"definition":"SHALL contain exactly one [1..1] infection-present-at-time-of-surgery (identifier: http://hl7.org/fhir/us/hai/StructureDefinition/infection-present-at-time-of-surgery) (CONF:3347-172)."},{"id":"Condition.extension:extension1","path":"Condition.extension","sliceName":"extension1","short":"extension","definition":"MAY contain zero or one [0..1] infection-contributed-to-death (identifier: http://hl7.org/fhir/us/hai/StructureDefinition/infection-contributed-to-death) (CONF:3347-164).","min":0,"max":"1","type":[{"code":"Extension","profile":"http://hl7.org/fhir/us/hai/StructureDefinition/infection-contributed-to-death"}]},{"id":"Condition.extension:extension2","path":"Condition.extension","sliceName":"extension2","short":"extension","definition":"SHALL contain exactly one [1..1] occasion-of-hai-detection (identifier: http://hl7.org/fhir/us/hai/StructureDefinition/occasion-of-hai-detection) (CONF:3347-168).","min":1,"max":"1","type":[{"code":"Extension","profile":"http://hl7.org/fhir/us/hai/StructureDefinition/occasion-of-hai-detection"}]},{"id":"Condition.extension:extension3","path":"Condition.extension","sliceName":"extension3","short":"extension","definition":"SHALL contain exactly one [1..1] infection-present-at-time-of-surgery (identifier: http://hl7.org/fhir/us/hai/StructureDefinition/infection-present-at-time-of-surgery) (CONF:3347-172).","min":1,"max":"1","type":[{"code":"Extension","profile":"http://hl7.org/fhir/us/hai/StructureDefinition/infection-present-at-time-of-surgery"}]},{"id":"Condition.verificationStatus","path":"Condition.verificationStatus","short":"verificationStatus","definition":"SHALL contain exactly one [1..1] verificationStatus=\"confirmed\" (CodeSystem: ConditionVerificationStatus http://hl7.org/fhir/condition-ver-status) (CONF:3347-175).","min":1,"max":"1","type":[{"code":"code"}],"patternString":"confirmed"},{"id":"Condition.category","path":"Condition.category","label":"Infection/Event Type","short":"Infection/Event Type","definition":"SHALL contain exactly one [1..1] category, which SHALL be selected from ValueSet NHSNInfectionTypeCode http://hl7.org/fhir/us/hai/ValueSet/nhsn-infection-type-code (CONF:3347-143).","min":1,"max":"1","type":[{"code":"CodeableConcept"}],"binding":{"strength":"required","valueSetReference":{"reference":"http://hl7.org/fhir/us/hai/ValueSet/nhsn-infection-type-code","display":"NHSNInfectionTypeCode"}}},{"id":"Condition.code","path":"Condition.code","label":"Infection Condition/Event Details","short":"Infection Condition/Event Details","definition":"MAY contain exactly one [1..1] code (ValueSet: NHSNInfectionConditionCode http://hl7.org/fhir/us/hai/ValueSet/nhsn-infection-condition-code) (CONF:3347-144).","min":1,"max":"1","type":[{"code":"CodeableConcept"}],"binding":{"strength":"example","valueSetReference":{"reference":"http://hl7.org/fhir/us/hai/ValueSet/nhsn-infection-condition-code","display":"NHSNInfectionConditionCode"}}},{"id":"Condition.subject","path":"Condition.subject","short":"subject","definition":"SHALL contain exactly one [1..1] HAI Patient (identifier: http://hl7.org/fhir/us/hai/StructureDefinition/hai-patient) (CONF:3347-145).","min":1,"max":"1","type":[{"code":"Reference","targetProfile":"http://hl7.org/fhir/us/hai/StructureDefinition/hai-patient"}]},{"id":"Condition.onset[x]","path":"Condition.onset[x]","slicing":{"discriminator":[{"type":"value","path":"@type"}],"rules":"open"},"short":"onset[x]","definition":"MAY contain zero or one [0..1] onset[x], where onset[x] is (CONF:3347-159)","min":0,"max":"1"},{"id":"Condition.onsetDateTime","path":"Condition.onsetDateTime","short":"onsetDateTime","definition":"onsetDateTime (CONF:3347-160)"},{"id":"Condition.evidence","path":"Condition.evidence","label":"Criteria of Diagnosis","short":"Criteria of Diagnosis","definition":"SHALL contain at least one [1..*] evidence (CONF:3347-148).","min":1,"max":"*"},{"id":"Condition.evidence.code","path":"Condition.evidence.code","label":"Criterion of Diagnosis","short":"Criterion of Diagnosis","definition":"Such evidences SHALL contain exactly one [1..1] code, which SHALL be selected from ValueSet NHSNCriterionOfDiagnosisCode http://hl7.org/fhir/us/hai/ValueSet/nhsn-criterion-of-diagnosis-code (CONF:3347-149).","min":1,"max":"1","type":[{"code":"CodeableConcept"}],"binding":{"strength":"required","valueSetReference":{"reference":"http://hl7.org/fhir/us/hai/ValueSet/nhsn-criterion-of-diagnosis-code","display":"NHSNCriterionOfDiagnosisCode"}}}]}}