<?xml version="1.0" encoding="UTF-8"?>

<Condition xmlns="http://hl7.org/fhir">
  <id value="ASA-Class-Example"/>
  <meta>
    <profile value="http://hl7.org/fhir/us/hai/StructureDefinition/asa-class"/>
  </meta>
  <text>
    <status value="generated"/><div xmlns="http://www.w3.org/1999/xhtml"><p><b>Generated Narrative with Details</b></p><p><b>identifier</b>: 55555555</p><p><b>clinicalStatus</b>: ACTIVE</p><p><b>verificationStatus</b>: CONFIRMED</p><p><b>category</b>: Surgical Site Infection <span style="background: LightGoldenRodYellow">(Details : {SNOMED CT code '433202001' = 'Surgical site infection (disorder)', given as 'Surgical Site Infection'})</span></p><p><b>severity</b>: Severe <span style="background: LightGoldenRodYellow">(Details : {SNOMED CT code '24484000' = 'Severe (severity modifier)', given as 'Severe'})</span></p><p><b>code</b>: Normally healthy patient <span style="background: LightGoldenRodYellow">(Details : {SNOMED CT code '413495001' = 'American Society of Anesthesiologists physical status class 1 (finding)', given as 'Normally healthy patient'})</span></p><p><b>subject</b>: <a href="http://hl7.org/fhir/us/hai/StructureDefinition/hai-patient">Henry Seven</a></p><p><b>onset</b>: 15/09/2017</p></div>
  </text>
  <identifier>
    <system value="urn:ietf:rfc:3986"/>
    <value value="55555555"/>
  </identifier>
  <clinicalStatus value="active"/>
  <verificationStatus value="confirmed"/>
  <category>
    <coding>
      <system value="http://snomed.info/sct"/>
      <code value="433202001"/>
      <display value="Surgical Site Infection"/>
    </coding>
  </category>
  <severity>
    <coding>
      <system value="http://snomed.info/sct"/>
      <code value="24484000"/>
      <display value="Severe"/>
    </coding>
  </severity>
  <code>
    <coding>
      <system value="http://snomed.info/sct"/>
      <code value="413495001"/>
      <display value="Normally healthy patient"/>
    </coding>
  </code>
  <subject>
    <reference value="http://hl7.org/fhir/us/hai/StructureDefinition/hai-patient"/>
    <display value="Henry Seven"/>
  </subject>
  <onsetDateTime value="2017-09-15"/>
</Condition>