<ValueSet xmlns="http://hl7.org/fhir">
  <id
    value="nhsn-encounter-type-code" />
  <meta
    id="32" />
  <url
    value="http://hl7.org/fhir/us/hai/ValueSet/nhsn-encounter-type-code" />
  <name
    value="NHSNEncounterTypeCode" />
  <status
    value="active" />
  <description
    value="Code System: HL7 ActCode  2.16.840.1.113883.5.4&#xA;&#xA;A full listing of codes can be found in the hai_voc.xls file provided with this package." />
  <compose>
    <include>
      <system
        value="urn:oid:2.16.840.1.113883.5.4" />
      <concept>
        <code
          value="AMB" />
        <display
          value="Outpatient" />
      </concept>
      <concept>
        <code
          value="IMP" />
        <display
          value="Inpatient" />
      </concept>
    </include>
  </compose>
</ValueSet>