<?xml version="1.0" encoding="UTF-8"?>

<QuestionnaireResponse xmlns="http://hl7.org/fhir">
  <id value="ssi-questionnaire-response"/>
  <text>
    <status value="generated"/><div xmlns="http://www.w3.org/1999/xhtml">
      <pre> 
              Response to the Surgical Site Infection Report Questionnaire
          </pre>
    </div>
  </text>
  <questionnaire>
    <reference value="http://hl7.org/fhir/us/hai/questionnaire/ssi-questionnaire"/>
  </questionnaire>
  <status value="completed"/>
  <item>
    <extension url="http://hl7.org/fhir/StructureDefinition/questionnaire-allowedProfile">
      <valueReference>
        <reference value="http://hl7.org/fhir/us/hai/StructureDefinition/hai-patient"/>
      </valueReference>
    </extension>
    <linkId value="6706"/>
    <text value="Patient"/>
  </item>
  <item>
    <linkId value="1"/>
    <text value="Date of Event"/>
    <answer>
      <valueDate value="2017-09-15"/>
    </answer>
  </item>
  <item>
    <linkId value="2"/>
    <text value="NHSN Procedure Code"/>
    <answer>
      <valueCoding>
        <system value="http://snomed.info/sct"/>
        <code value="2108-9"/>
        <display value="Appendix surgery"/>
      </valueCoding>
    </answer>
  </item>
  <item>
    <linkId value="3"/>
    <text value="ICD-10-PCS or CPT Procedure Code"/>
    <answer>
      <valueCoding>
        <system value="http://hl7.org/fhir/sid/icd-10"/>
        <code value="0BDJ0ZZ"/>
        <display value="Excision of Appendix, Open Approach"/>
      </valueCoding>
    </answer>
  </item>
  <item>
    <linkId value="4"/>
    <text value="Date of Procedure"/>
    <answer>
      <valueDate value="2017-09-15"/>
    </answer>
  </item>
  <item>
    <linkId value="5"/>
    <text value="Outpatient Procedure"/>
    <answer>
      <valueBoolean value="true"/>
    </answer>
    <answer>
      <valueCoding>
        <system value="HL7 ActCode"/>
        <code value="AMB"/>
        <display value="Outpatient"/>
      </valueCoding>
    </answer>
  </item>
  <item>
    <linkId value="6"/>
    <text value="MDRO Infection Surveillance"/>
    <answer>
      <valueBoolean value="true"/>
    </answer>
  </item>
  <item>
    <linkId value="7"/>
    <text value="Date Admitted to Facility"/>
    <answer>
      <valueDate value="2017-09-15"/>
    </answer>
  </item>
  <item>
    <linkId value="8"/>
    <text value="Location"/>
    <answer>
      <valueCoding>
        <system value="urn:oid:2.16.840.1.113883.6.259"/>
        <code value="1166-8"/>
        <display value="Ambulatory Surgery Center"/>
      </valueCoding>
    </answer>
  </item>
  <item>
    <linkId value="9392"/>
    <text value="Pathogen"/>
    <item>
      <linkId value="3745"/>
      <text value="Number"/>
      <answer>
        <valueInteger value="1"/>
      </answer>
      <item>
        <linkId value="3139"/>
        <text value="NHSN Pathogen"/>
        <answer>
          <valueCoding>
            <system value="http://snomed.info/sct"/>
            <code value="43492007"/>
            <display value="Group B streptococcus"/>
          </valueCoding>
        </answer>
      </item>
      <item>
        <linkId value="4656"/>
        <text value="Susceptibility Group"/>
        <item>
          <linkId value="6192"/>
          <text value="NHSN Drug Susceptibility Test"/>
          <answer>
            <valueCoding>
              <system value="https://loinc.org/"/>
              <code value="18982-9"/>
              <display value="Streptomycin Susc Islt"/>
            </valueCoding>
          </answer>
        </item>
        <item>
          <linkId value="8204"/>
          <text value="NHSN Drug Susceptibility Finding"/>
          <answer>
            <valueCoding>
              <system value="https://www.hl7.org/fhir/valueset-observation-interpretation.html"/>
              <code value="S"/>
              <display value="Susceptible"/>
            </valueCoding>
          </answer>
        </item>
      </item>
    </item>
  </item>
</QuestionnaireResponse>