{
  "resourceType": "ValueSet",
  "id": "nhsn-infection-condition-code",
  "text": {
    "status": "generated",
    "div": "<div xmlns=\"http://www.w3.org/1999/xhtml\"><h2>NHSNInfectionConditionCode</h2><div><p>Code System: SNOMED CT 2.16.840.1.113883.6.96 or cdcNHSN 2.16.840.1.113883.6.277</p>\n<p>A full listing of codes can be found in the hai_voc.xls file provided with this package.</p>\n</div><p>This value set includes codes from the following code systems:</p><ul><li>Include these codes as defined in <code>urn:oid:2.16.840.1.113883.6.96</code><table class=\"none\"><tr><td><b>Code</b></td><td><b>Display</b></td></tr><tr><td>2707005</td><td>Necrotizing enterocolitis</td><td/></tr><tr><td>9826008</td><td>Conjunctivitis</td><td/></tr><tr><td>12463005</td><td>Infectious gastroenteritis</td><td/></tr><tr><td>19824006</td><td>Skin</td><td/></tr><tr><td>25374005</td><td>Gastroenteritis</td><td/></tr><tr><td>36971009</td><td>Sinusitis</td><td/></tr><tr><td>47597000</td><td>Mediastinitis</td><td/></tr><tr><td>56819008</td><td>Endocarditis</td><td/></tr><tr><td>60168000</td><td>Osteomyelitis</td><td/></tr><tr><td>78623009</td><td>Endometritis</td><td/></tr><tr><td>128241005</td><td>Hepatitis</td><td/></tr><tr><td>239095007</td><td>Omphalitis</td><td/></tr><tr><td>300927001</td><td>Episiotomy</td><td/></tr><tr><td>302935008</td><td>Disc space</td><td/></tr><tr><td>312157006</td><td>Infectious mediastinitis</td><td/></tr></table></li><li>Include these codes as defined in <code>urn:oid:2.16.840.1.113883.6.277</code><table class=\"none\"><tr><td><b>Code</b></td><td><b>Display</b></td></tr><tr><td>1601-4</td><td>Breast abscess or mastitis</td><td/></tr><tr><td>1602-2</td><td>Myocarditis or pericarditis</td><td/></tr><tr><td>1603-0</td><td>Clinical sepsis</td><td/></tr><tr><td>1604-8</td><td>Deep incisional primary SSI</td><td/></tr><tr><td>1605-5</td><td>Deep incisional secondary SSI</td><td/></tr><tr><td>1606-3</td><td>Vertebral disc space infection</td><td/></tr><tr><td>1607-1</td><td>Ear or mastoid infection (otitis externa, otitis media, otitis interna, mastoiditis)</td><td/></tr><tr><td>1608-9</td><td>Eye infection, other than conjunctivitis</td><td/></tr><tr><td>1609-7</td><td>Gastrointestinal tract infection (esophagus, stomach, small and large bowel, and rectum) excluding gastroenteritis and appendicitis</td><td/></tr><tr><td>1610-5</td><td>Intraabdominal infection, not specified elsewhere including gallbladder, bile ducts, liver (excluding viral hepatitis), spleen, pancreas, peritoneum, subphrenic or subdiaphragmatic space, or other intraabdominal tissue or area not specified elsewhere</td><td/></tr><tr><td>1611-3</td><td>Intracranial infection (brain abscess, subdural or epidural infection, encephalitis)</td><td/></tr><tr><td>1612-1</td><td>Joint or bursa infection</td><td/></tr><tr><td>1613-9</td><td>Laboratory-confirmed bloodstream infection</td><td/></tr><tr><td>1614-7</td><td>Other infections of the lower respiratory tract, other than pneumonia</td><td/></tr><tr><td>1615-4</td><td>Meningitis or ventriculitis</td><td/></tr><tr><td>1616-2</td><td>Oral cavity infection (mouth, tongue, or gums)</td><td/></tr><tr><td>1617-0</td><td>Other infections of the male or female reproductive tract (epididymis, testes, prostate, vagina, ovaries, uterus, or other deep pelvic tissues, excluding endometritis or vaginal cuff infections)</td><td/></tr><tr><td>1618-8</td><td>Other infections of the urinary tract (kidney, ureter, bladder, urethra, or tissue surrounding the retroperitoneal or perinephric space)</td><td/></tr><tr><td>1619-6</td><td>Spinal abscess without meningitis</td><td/></tr><tr><td>1620-4</td><td>Superficial incisional primary SSI</td><td/></tr><tr><td>1621-2</td><td>Superficial incisional secondary SSI</td><td/></tr><tr><td>1622-0</td><td>Upper respiratory tract infection, pharyngitis, laryngitis, epiglottitis</td><td/></tr><tr><td>1623-8</td><td>Arterial or venous infection</td><td/></tr><tr><td>1624-6</td><td>Vaginal cuff infection</td><td/></tr><tr><td>1625-3</td><td>Symptomatic UTI (SUTI)</td><td/></tr><tr><td>1626-1</td><td>PNU1</td><td/></tr><tr><td>1631-1</td><td>PNU2</td><td/></tr><tr><td>1632-9</td><td>PNU3</td><td/></tr><tr><td>1671-7</td><td>Bronchitis, tracheitis</td><td/></tr><tr><td>1672-5</td><td>Burn</td><td/></tr><tr><td>1673-3</td><td>Decubitus ulcer</td><td/></tr><tr><td>1674-1</td><td>Disseminated infection</td><td/></tr><tr><td>1675-8</td><td>Infant pustulosis</td><td/></tr><tr><td>1676-6</td><td>Newborn circumcision</td><td/></tr><tr><td>1677-4</td><td>Soft tissue, muscle, lymph node, or salivary gland</td><td/></tr><tr><td>2402-6</td><td>Asymptomatic Bacteremic UTI (ABUTI)</td><td/></tr><tr><td>1970-3</td><td>Periprosthetic Joint Infection</td><td/></tr><tr><td>1640-2</td><td>Organ/space</td><td/></tr><tr><td>2343-4</td><td>VAC - Ventilator-Associated Condition</td><td/></tr><tr><td>2344-2</td><td>IVAC - Infection-related Ventilator-Associated Complication</td><td/></tr><tr><td>2345-0</td><td>PVAP - Possible Ventilator-Associated Pneumonia</td><td/></tr></table></li></ul></div>"
  },
  "url": "http://hl7.org/fhir/us/hai/ValueSet/nhsn-infection-condition-code",
  "name": "NHSNInfectionConditionCode",
  "status": "active",
  "date": "2017-09-23T15:59:00+10:00",
  "description": "Code System: SNOMED CT 2.16.840.1.113883.6.96 or cdcNHSN 2.16.840.1.113883.6.277\n\nA full listing of codes can be found in the hai_voc.xls file provided with this package.",
  "compose": {
    "include": [
      {
        "system": "urn:oid:2.16.840.1.113883.6.96",
        "concept": [
          {
            "code": "2707005",
            "display": "Necrotizing enterocolitis"
          },
          {
            "code": "9826008",
            "display": "Conjunctivitis"
          },
          {
            "code": "12463005",
            "display": "Infectious gastroenteritis"
          },
          {
            "code": "19824006",
            "display": "Skin"
          },
          {
            "code": "25374005",
            "display": "Gastroenteritis"
          },
          {
            "code": "36971009",
            "display": "Sinusitis"
          },
          {
            "code": "47597000",
            "display": "Mediastinitis"
          },
          {
            "code": "56819008",
            "display": "Endocarditis"
          },
          {
            "code": "60168000",
            "display": "Osteomyelitis"
          },
          {
            "code": "78623009",
            "display": "Endometritis"
          },
          {
            "code": "128241005",
            "display": "Hepatitis"
          },
          {
            "code": "239095007",
            "display": "Omphalitis"
          },
          {
            "code": "300927001",
            "display": "Episiotomy"
          },
          {
            "code": "302935008",
            "display": "Disc space"
          },
          {
            "code": "312157006",
            "display": "Infectious mediastinitis"
          }
        ]
      },
      {
        "system": "urn:oid:2.16.840.1.113883.6.277",
        "concept": [
          {
            "code": "1601-4",
            "display": "Breast abscess or mastitis"
          },
          {
            "code": "1602-2",
            "display": "Myocarditis or pericarditis"
          },
          {
            "code": "1603-0",
            "display": "Clinical sepsis"
          },
          {
            "code": "1604-8",
            "display": "Deep incisional primary SSI"
          },
          {
            "code": "1605-5",
            "display": "Deep incisional secondary SSI"
          },
          {
            "code": "1606-3",
            "display": "Vertebral disc space infection"
          },
          {
            "code": "1607-1",
            "display": "Ear or mastoid infection (otitis externa, otitis media, otitis interna, mastoiditis)"
          },
          {
            "code": "1608-9",
            "display": "Eye infection, other than conjunctivitis"
          },
          {
            "code": "1609-7",
            "display": "Gastrointestinal tract infection (esophagus, stomach, small and large bowel, and rectum) excluding gastroenteritis and appendicitis"
          },
          {
            "code": "1610-5",
            "display": "Intraabdominal infection, not specified elsewhere including gallbladder, bile ducts, liver (excluding viral hepatitis), spleen, pancreas, peritoneum, subphrenic or subdiaphragmatic space, or other intraabdominal tissue or area not specified elsewhere"
          },
          {
            "code": "1611-3",
            "display": "Intracranial infection (brain abscess, subdural or epidural infection, encephalitis)"
          },
          {
            "code": "1612-1",
            "display": "Joint or bursa infection"
          },
          {
            "code": "1613-9",
            "display": "Laboratory-confirmed bloodstream infection"
          },
          {
            "code": "1614-7",
            "display": "Other infections of the lower respiratory tract, other than pneumonia"
          },
          {
            "code": "1615-4",
            "display": "Meningitis or ventriculitis"
          },
          {
            "code": "1616-2",
            "display": "Oral cavity infection (mouth, tongue, or gums)"
          },
          {
            "code": "1617-0",
            "display": "Other infections of the male or female reproductive tract (epididymis, testes, prostate, vagina, ovaries, uterus, or other deep pelvic tissues, excluding endometritis or vaginal cuff infections)"
          },
          {
            "code": "1618-8",
            "display": "Other infections of the urinary tract (kidney, ureter, bladder, urethra, or tissue surrounding the retroperitoneal or perinephric space)"
          },
          {
            "code": "1619-6",
            "display": "Spinal abscess without meningitis"
          },
          {
            "code": "1620-4",
            "display": "Superficial incisional primary SSI"
          },
          {
            "code": "1621-2",
            "display": "Superficial incisional secondary SSI"
          },
          {
            "code": "1622-0",
            "display": "Upper respiratory tract infection, pharyngitis, laryngitis, epiglottitis"
          },
          {
            "code": "1623-8",
            "display": "Arterial or venous infection"
          },
          {
            "code": "1624-6",
            "display": "Vaginal cuff infection"
          },
          {
            "code": "1625-3",
            "display": "Symptomatic UTI (SUTI)"
          },
          {
            "code": "1626-1",
            "display": "PNU1"
          },
          {
            "code": "1631-1",
            "display": "PNU2"
          },
          {
            "code": "1632-9",
            "display": "PNU3"
          },
          {
            "code": "1671-7",
            "display": "Bronchitis, tracheitis"
          },
          {
            "code": "1672-5",
            "display": "Burn"
          },
          {
            "code": "1673-3",
            "display": "Decubitus ulcer"
          },
          {
            "code": "1674-1",
            "display": "Disseminated infection"
          },
          {
            "code": "1675-8",
            "display": "Infant pustulosis"
          },
          {
            "code": "1676-6",
            "display": "Newborn circumcision"
          },
          {
            "code": "1677-4",
            "display": "Soft tissue, muscle, lymph node, or salivary gland"
          },
          {
            "code": "2402-6",
            "display": "Asymptomatic Bacteremic UTI (ABUTI)"
          },
          {
            "code": "1970-3",
            "display": "Periprosthetic Joint Infection"
          },
          {
            "code": "1640-2",
            "display": "Organ/space"
          },
          {
            "code": "2343-4",
            "display": "VAC - Ventilator-Associated Condition"
          },
          {
            "code": "2344-2",
            "display": "IVAC - Infection-related Ventilator-Associated Complication"
          },
          {
            "code": "2345-0",
            "display": "PVAP - Possible Ventilator-Associated Pneumonia"
          }
        ]
      }
    ]
  }
}